woolworths beef soup bones, 5.95, 1kg, 6.19, 1.04kg, 1
created with jamie beef burgers mexican style, 15.98, 1kg, 7.99, 0.5KG, 1
created with jamie butterflied beef rump sweet pepper, 23.50, 1kg, 14.10, 0.6KG, 1
beef diced heart smart, 17.35, 1kg, 8.68, 0.5KG, 1
msa australian beef diced slow cook, 12.99, 1kg, 7.79, 0.6KG, 1
woolworths beef diced bulgolgi, NA, NA, 8.99, each, 1
woolworths beef diced shredded slow cooked bbq, 27.96, 1kg, 6.99, 0.25KG, 1
woolworths chunky beef meat pie family pie, NA, NA, 4.99, 0.5KG, 1
created with jamie meatballs beef and wagyu chorizo, 12.48, 1kg, 7.49, 0.6KG, 1
quick cook meatballs beef, 14.0, 0.1KG, 6.99, 0.5KG, 1
jamie mighty meatloaf, 12.93, 1kg, 10.99, 0.85KG, 1
beef mince heart smart, 14.00, 1kg, 14.00, 1kg, 1
macro grass fed premium mince beef, 15.99, 1kg, 8.00, 0.5KG, 1
beef offal heart, 4.69, 1kg, 2.49, 0.53KG, 1
beef offal tail, 8.99, 1kg, 4.67, 0.52KG, 1
macro organic beef eye fillet steak, 45.99, 1kg, 13.80, 0.3KG, 1
macro organic beef mince heart smart, 19.98, 1kg, 8.99, 0.45KG, 1
macro organic beef mince premium, 14.99, 1kg, 7.50, 0.5KG, 1
macro organic beef rump steak, 25.99, 1kg, 9.10, 0.35KG, 1
macro organic beef scotch fillet, 33.99, 1kg, 11.90, 0.35KG, 1
macro organic beef stir fry, 18.99, 1kg, 7.98, 0.42KG, 1
woolworths select ready to bbq ribs fingers boneless beef, 14.99, 1kg, 13.49, 0.9KG, 1
aussie beef cattlemen roast spare ribs, 11.99, 1kg, 10.07, 0.84KG, 1
australian beef roast butterflied, 19.99, 1kg, 17.99, 0.9KG, 1
beef roast classic marinated, 13.99, 1kg, 16.23, 1.16kg, 1
beef roast garlic and onion, 13.99, 1kg, 17.63, 1.26kg, 1
beef roast thyme and black pepper, 13.99, 1kg, 16.37, 1.17kg, 1
beef roast topside heart smart, 13.99, 1kg, 12.59, 0.9KG, 1
msa australian beef roast pepper, 14.99, 1kg, 12.59, 0.84KG, 1
msa australian beef blade roast foil tray, 11.99, 1kg, 15.59, 1.3kg, 1
msa australian beef rib roast, 21.99, 1kg, 24.19, 1.1kg, 1
beef corned silverside, 7.99, 1kg, 18.30, 2.29kg, 1
beef corned silverside heart smart, 10.99, 1kg, 11.87, 1.08kg, 1
roast beef silverside foil tray, 9.99, 1kg, 10.99, 1.1kg, 1
msa australian beef chuck slow cook, 11.99, 1kg, 6.00, 0.5KG, 1
msa australian gravy beef slow cook, 11.19, 1kg, 8.95, 0.8KG, 1
beef blade steak bone in, 9.99, 1kg, 8.99, 0.9KG, 1
beef porterhouse steak, 15.99, 1kg, 14.39, 0.9KG, 1
beef porterhouse steak market value, 15.99, 1kg, 7.20, 0.45KG, 1
beef round steak bbq heart smart, 15.99, 1kg, 13.27, 0.83KG, 1
beef rump steak, 15.99, 1kg, 14.39, 0.9KG, 1
beef rump steak market value, 15.99, 1kg, 8.00, 0.5KG, 1
beef schnitzel steak heart smart, 20.99, 1kg, 11.96, 0.57KG, 1
macro grass fed beef steak eye fillet, 47.99, 1kg, 12.00, 0.25KG, 1
macro grass fed beef steak scotch fillet, 36.99, 1kg, 7.77, 0.21KG, 1
msa australian beef fillet steak, 41.79, 1kg, 17.55, 0.42KG, 1
msa australian beef steak oyster blade, 13.59, 1kg, 8.15, 0.6KG, 1
msa australian beef steak porterhouse, 27.49, 1kg, 5.50, 0.2KG, 1
msa australian beef steak porterhouse, 27.49, 1kg, 11.55, 0.42KG, 1
msa australian beef steak porterhouse 3pk, 24.99, 1kg, 19.99, 0.84KG, 1
msa australian beef steak scotch fillet, 29.99, 1kg, 16.49, 0.55KG, 1
msa australian beef steak scotch fillet, 29.99, 1kg, 7.50, 0.25KG, 1
msa australian beef steak t-bone, 21.99, 1kg, 21.99, 1kg, 1
msa australian beef steak t-bone, 21.99, 1kg, 6.60, 0.3KG, 1
msa australian beef blade steak boneless, 13.99, 1kg, 9.79, 0.7KG, 1
msa australian beef rib steak bone in, 23.99, 1kg, 23.99, 1kg, 1
msa australian beef rump steak, 14.99, 1kg, 7.50, 0.5KG, 1
peppered beef steak, 33.98, 1kg, 7.65, 0.45KG, 1
woolworths steak sizzle, 20.75, 1kg, 7.99, 0.385KG, 1
beef stirfry heart smart, 17.35, 1kg, 8.68, 0.5KG, 1
woolworths australian stirfry beef, 16.00, 1kg, 8.00, 0.5KG, 1
chicken breast fillet bulk buy, 12.00, 1kg, 16.80, 1.4kg, 1
chicken breast fillet skinless small, 15.49, 1kg, 7.75, 0.5KG, 1
ingham breast fillets marinated, 16.99, 1kg, 10.19, 0.6KG, 1
macro chicken breast fillets free range, 18.89, 1kg, 8.88, 0.47KG, 1
macro free range breast chicken schnitzel, 15.99, 1kg, 8.00, 0.5KG, 1
pioneer chicken breast fillet smoked, 23.99, 1kg, 10.32, 0.43KG, 1
rspca australian chicken breast double fillet, 9.00, 1kg, 9.00, per kg, 1
steggles breast chicken fillet panko and quinoa, 15.00, 1kg, 9.00, 0.6KG, 1
steggles breast chicken tenders panko and quinoa, 15.00, 1kg, 9.00, 0.6KG, 1
woolworths chicken breast smoked fillet, 22.49, 1kg, 6.75, 0.3KG, 1
butterfly chicken asian style, 8.99, 1kg, 8.99, 1kg, 1
butterfly chicken southern style, 8.99, 1kg, 8.99, 1kg, 1
butterfly chicken with caribbean pepper, 8.99, 1kg, 8.99, 1kg, 1
macro free range chicken portions portugese, 8.49, 1kg, 8.49, 1kg, 1
chicken breast schnitzel crumbed, 1.99, 1ea, 1.99, each, 1
chicken breast schnitzel crumbed honey mustard, 1.99, 1ea, 1.99, each, 1
ingham chicken breast stuffed crumbed with creamy garlic, 12.86, 1kg, 9.00, 0.7KG, 1
ingham quick cook crumbed chickadee south style tenders, 14.55, 1kg, 6.40, 0.44KG, 1
ingham quick cook crumbed chicken and cheese schnitzel, 9.33, 1kg, 13.99, 1.5kg, 1
ingham quick cook crumbed chicken and cheese schnitzel, 13.98, 1kg, 6.99, 0.5KG, 1
ingham quick cook crumbed chicken burger, 14.27, 1kg, 6.99, 0.49KG, 1
ingham quick cook crumbed chicken burger, 9.08, 1kg, 14.99, 1.65kg, 1
ingham quick cook crumbed sweet chilli chicken tenders, 14.55, 1kg, 6.40, 0.44KG, 1
quick cook chicken crumbed schnitzel gluten free, 15.89, 1kg, 6.99, 0.44KG, 1
steggles crumbed chicken breast fingers, 19.42, 1kg, 6.99, 0.36KG, 1
steggles chicken crumbed premium fillets, 17.48, 1kg, 6.99, 0.4KG, 1
macro chicken drumsticks free range, 7.99, 1kg, 7.19, 0.9KG, 1
pioneer chicken drumsticks smoked, 9.99, 1kg, 4.30, 0.43KG, 1
woolworths fresh chicken drumsticks, 3.98, 1kg, 3.98, 0.25KG, 1
created with jamie chicken fillet crispy garlic, 20.95, 1kg, 8.80, 0.42KG, 1
created with jamie chicken fillet smashin' moroccan style, 20.95, 1kg, 8.80, 0.42KG, 1
created with jamie chicken fillets smashin chilli garlic rosemary, 20.95, 1kg, 8.80, 0.42KG, 1
created with jamie chicken fillets smashin crispy parmesan tomato, 20.95, 1kg, 8.80, 0.42KG, 1
jamie smashin' chicken fillets lemon pepper, 20.95, 1kg, 8.80, 0.42KG, 1
chicken giblets, 3.98, 1kg, 1.99, 0.5KG, 1
created with jamie half chicken vietnamese style, 12.15, 1kg, 11.54, 0.95KG, 1
chicken hearts, 3.98, 1kg, 1.99, 0.5KG, 1
chicken thigh kebabs buffalo, 16.67, 1kg, 6.25, 0.375KG, 1
chicken thigh kebabs spicy bbq, 16.67, 1kg, 6.25, 0.375KG, 1
perfecto chicken kebabs bbq, 17.38, 1kg, 13.90, 0.8KG, 1
perfecto chicken kebabs satay, 17.38, 1kg, 13.90, 0.8KG, 1
woolworths kebabs chicken thigh hoisin, 16.67, 1kg, 6.25, 0.375KG, 1
chicken lovely legs, 5.99, 1kg, 5.99, per kg, 1
macro chicken lovely legs free range, 8.99, 1kg, 5.21, 0.58KG, 1
chicken liver, 3.98, 1kg, 1.99, 0.5KG, 1
steggles chicken nuggets gluten free sesame and cheese, 17.48, 1kg, 6.99, 0.4KG, 1
chicken offal frames, 3.99, 1kg, 4.91, 1.23kg, 1
chicken offal necks, 4.50, 1kg, 4.50, 1kg, 1
macro organic chicken breast fillet, 28.99, 1kg, 15.94, 0.55KG, 1
macro organic chicken breast mince, 17.99, 1kg, 8.10, 0.45KG, 1
macro organic chicken thigh fillet, 27.99, 1kg, 13.72, 0.49KG, 1
macro organic chicken wings, 6.49, 1kg, 2.53, 0.39KG, 1
macro organic whole chicken, 11.49, 1kg, 17.69, 1.54kg, 1
steggles pastry chicken enchilada mexican, 15.98, 1kg, 7.99, 0.5KG, 1
chicken breast pieces basil and pesto, 23.17, 1kg, 6.95, 0.3KG, 1
ingham chicken portion pieces gourmet roasting, 3.99, 1kg, 6.42, 1.61kg, 1
jamie smashin' chicken pieces crunchy cajun, 9.49, 1kg, 9.49, 1kg, 1
macro meats chicken pieces portugese free range, 8.99, 1kg, 8.99, 1kg, 1
woolworths chicken pieces mixed, 3.75, 1kg, 7.49, 2kg, 1
marinated rib chicken tandoori, NA, NA, 5.49, 0.5KG, 1
steggles family roast chicken whole, 2.25, 1kg, 4.50, 2kg, 1
woolworths gold chicken roast free range deboned, 19.99, 1kg, 16.99, 0.85KG, 1
created with jamie skewers wicked chicken, 19.90, 1kg, 8.16, 0.41KG, 1
game farm spatchcock whole, 15.79, 1kg, 8.05, 0.51KG, 1
macro chicken stir fry free range, 19.99, 1kg, 11.59, 0.58KG, 1
chicken tenderloins, 13.99, 1kg, 13.99, per kg, 1
macro chicken tenderloins free range, 22.00, 1kg, 10.56, 0.48KG, 1
chicken thigh cutlets, 4.99, 1kg, 4.99, 0.25KG, 1
chicken thigh cutlets skinless, 7.99, 1kg, 4.39, 0.55KG, 1
chicken thigh fillet, 8.48, 1kg, 8.48, per kg, 1
chicken thigh fillet portion pack, 11.00, 1kg, 17.71, 1.61kg, 1
chicken thigh skinless fillets small, 14.49, 1kg, 7.25, 0.5KG, 1
macro chicken thigh fillets free range, 17.99, 1kg, 8.46, 0.47KG, 1
macro free range chicken thigh fillet, 16.49, 1kg, 16.49, 1kg, 1
chicken whole marinated and seasoned, 6.75, 1kg, 10.13, 1.5kg, 1
macro whole chicken free range, 7.35, 1kg, 8.09, 1.1kg, 1
macro free range whole chicken apricot and herb, 6.99, 1kg, 10.49, 1.5kg, 1
market value plain chicken whole, 4.99, 1kg, 5.99, 1.2kg, 1
pioneer chicken whole smoked, 10.99, 1kg, 12.09, 1.1kg, 1
woolworths chicken whole slow cooked and shredded roast, 27.96, 1kg, 6.99, 0.25KG, 1
woolworths chicken whole smoked, 10.49, 1kg, 12.59, 1.2kg, 1
honey soy chicken wing nibbles, 8.29, 1kg, 8.29, 1kg, 1
macro chicken wing nibbles free range, 7.99, 1kg, 5.43, 0.68KG, 1
chicken wings bbq plum, 6.99, 1kg, 6.99, per kg, 1
chicken wings boomerang, 6.49, 1kg, 10.51, 1.62kg, 1
chicken wings honey soy, 6.99, 1kg, 6.99, per kg, 1
created with jamie chicken wings epic bbq, 13.95, 1kg, 7.53, 0.54KG, 1
steggles wings buffalo, 11.65, 1kg, 6.99, 0.6KG, 1
steggles wings oven roasted, 11.65, 1kg, 6.99, 0.6KG, 1
game farm duck breast with diamond score, 0.09, 1kg, 15.60, 0.4KG, 1
luv a duck chinese peking pancake, 35.58, 1kg, 20.99, 0.59KG, 1
luv a duck fresh fillets, 34.99, 1kg, 13.30, 0.38KG, 1
luv a duck mexican duck wrap kit, 33.58, 1kg, 20.99, 0.625KG, 1
luv a duck peking roast legs, 28.99, 1kg, 11.89, 0.41KG, 1
luv a duck tandoori duck wrap kit, 33.58, 1kg, 20.99, 0.625KG, 1
bertocchi ham royal mini leg, 14.29, 1kg, 10.00, 0.7KG, 1
bertocchi authentic leg ham boneless, 18.48, 1kg, 10.90, 0.59KG, 1
bertocchi authentic leg ham honey cured, 18.48, 1kg, 13.86, 0.75KG, 1
bertocchi authentic leg ham triple smoked, 18.48, 1kg, 11.64, 0.63KG, 1
bertocchi double delux ham portion, 17.98, 1kg, 11.33, 0.63KG, 1
woolworths ham leg easy carve, 11.99, 1kg, 47.96, 4kg, 1
woolworths gourmet smoked ham half, 16.98, 1kg, 11.89, 0.7KG, 1
woolworths half ham double smoked, 14.98, 1kg, 11.98, 0.8KG, 1
woolworths select ham leg half, 5.99, 1kg, 23.96, 4kg, 1
woolworths select ham virginian, 14.19, 1kg, 10.64, 0.75L, 1
macro meats kanga banga bush tomato, 10.98, 1kg, 5.49, 0.5KG, 1
macro meats kangaroo burger, 12.48, 1kg, 5.49, 0.44KG, 1
macro meats kangaroo diced, 13.98, 1kg, 6.99, 0.5KG, 1
macro meats kangaroo fillets, 21.99, 1kg, 8.58, 0.39KG, 1
macro meats kangaroo mince, 9.49, 1kg, 9.49, 1kg, 1
macro meats kangaroo steak, 17.99, 1kg, 7.02, 0.39KG, 1
macro meats kangaroo steak marinated, 17.99, 1kg, 7.20, 0.4KG, 1
woolworths australian butterfield lamb leg, 21.99, 1kg, 21.99, 0.9KG, 1
lamb midloin chops, 17.99, 1kg, 6.84, 0.38KG, 1
lamb cutlets, 33.99, 1kg, 11.90, 0.35KG, 1
lamb diced heart smart, 21.99, 1kg, 11.00, 0.5KG, 1
roast lamb leg half, 7.99, 1kg, 9.59, 1.2kg, 1
lamb offal hearts, 5.49, 1kg, 3.02, 0.55KG, 1
lamb offal kidney, 5.99, 1kg, 3.00, 0.5KG, 1
lamb offal liver, 3.99, 1kg, 1.88, 0.47KG, 1
macro organic butterflied lamb leg, 46.98, $46.98 / 2kg, 33.59, 1.43kg, 1
macro organic lamb cutlets, 41.99, 1kg, 10.92, 0.26KG, 1
macro organic lamb diced, 21.99, 1kg, 9.46, 0.43KG, 1
macro organic lamb loin chops, 28.49, 1kg, 10.26, 0.36KG, 1
macro organic lamb mince, 14.99, 1kg, 7.50, 0.5KG, 1
macro organic lamb shoulder greek, 20.99, 1kg, 20.15, 0.96KG, 1
lamb roast rack heart smart, 44.99, 1kg, 13.50, 0.3KG, 1
lamb leg roast, 7.99, 1kg, 17.58, 2.2kg, 1
lamb leg butterflied roast with garlic and herbs, 21.99, 1kg, 21.09, 0.959KG, 1
lamb leg mini roast garlic and rosemary, 21.99, 1kg, 15.39, 0.7KG, 1
lamb shoulder roast butterflied lemon and garlic, 17.99, 1kg, 21.95, 1.22kg, 1
lamb shoulder roast butterflied mint and rosemary, 17.99, 1kg, 21.95, 1.22 kg, 1
created with jamie seasoned rump lamb steaks with tahini sauce, 25.99, 1kg, 11.31, 0.435KG, 1
created with jamie spiced lamb rump skewers, 25.99, 1kg, 9.23, 0.355KG, 1
lamb shanks, 7.99, 1kg, 6.39, 0.8KG, 1
created with jamie lamb shoulder the ultimate, 19.99, 1kg, 18.99, 0.95KG, 1
lamb leg steak heartsmart, 23.99, 1kg, 10.80, 0.45KG, 1
lamb rump steak, 22.99, 1kg, 10.35, 0.45KG, 1
lamb stir fry heart smart, 21.99, 1kg, 11.00, 0.5KG, 1
aussie beef sausage mince, 7.00, 1kg, 3.50, 0.5KG, 1
australian heart smart beef mince, 14.00, 1kg, 7.70, 0.55KG, 1
australian premium beef mince for immediate use, 12.00, 1kg, 6.00, 0.5KG, 1
australian premium beef mince for immediate use, 12.00, 1kg, 10.80, 0.9KG, 1
australian regular beef mince for immediate use, 5.00, 1kg, 4.50, 0.9KG, 1
australian regular beef mince for immediate use, 6.00, 1kg, 3.00, 0.5KG, 1
australian chicken mince, 12.00, 1kg, 6.00, 0.5KG, 1
macro chicken mince free range, 19.98, 1kg, 9.99, 0.5KG, 1
australian pork and veal mince, 11.99, 1kg, 6.00, 0.5KG, 1
australian pork mince, 10.99, 1kg, 5.50, 0.5KG, 1
australian pork mince heart smart, 12.99, 1kg, 6.50, 0.5KG, 1
australian pork mince with san choy bau seasng, 13.98, 1kg, 6.99, 0.5KG, 1
ingham turkey breast mince, 19.98, 1kg, 9.99, 0.5KG, 1
ingham turkey mince, 11.98, 1kg, 5.99, 0.5KG, 1
korean bbq pork belly rashers, 19.98, 1kg, 9.99, 0.5KG, 1
signature pork belly noisette, 23.99, 1kg, 8.40, 0.35KG, 1
pork midloin chops, 18.49, 1kg, 9.25, 0.5KG, 1
bruemar pork cutlets, 22.99, 1kg, 9.66, 0.42KG, 1
pork loin cutlets, 20.49, 1kg, 10.25, 0.5KG, 1
pork diced heart smart, 16.99, 1kg, 8.50, 0.5KG, 1
woolworths diced shredded pork slow cooked, 27.96, 1kg, 6.99, 0.25KG, 1
fresh pork shoulder roast, 8.99, 1kg, 15.46, 1.72kg, 1
pork rashers, 17.39, 1kg, 11.30, 0.65KG, 1
pork aussie ribs roast, 18.99, 1kg, 8.55, 0.45KG, 1
pork leg roast, 7.99, 1kg, 14.78, 1.85kg, 1
pork loin roast boneless, 15.99, 1kg, 25.10, 1.57kg, 1
woolworths pickled pork roast, 12.99, 1kg, 12.99, 1.0kg, 1
pork scotch bone in, 11.99, 1kg, 8.75, 0.73KG, 1
bruemar pork steak garlic and chives, 22.99, 1kg, 8.97, 0.39KG, 1
bruemar pork mignon steak garlic and herb, 24.99, 1kg, 9.50, 0.38KG, 1
bruemar pork scotch steak white wine and tarragon, 20.99, 1kg, 7.77, 0.37KG, 1
macro free range pork steak scotch fillet, 21.99, 1kg, 6.16, 0.28KG, 1
pork fillet steak heart smart, 31.49, 1kg, 11.97, 0.38KG, 1
pork loin medallion steak heart smart, 23.99, 1kg, 11.04, 0.46KG, 1
pork scotch steak with bbq marinade, 23.35, 1kg, 8.99, 0.385KG, 1
pork scotch fillet steak, 12.99, 1kg, 8.44, 0.65KG, 1
woolworths gold angus beef burger with caramelised onion, 22.83, 1kg, 7.99, 0.35KG, 1
woolworths gold wagyu beef burger with japanese sea salt, 24.97, 1kg, 7.99, 0.32KG, 1
colonial farm burger chicken, 14.21, 1kg, 4.83, 0.34KG, 1
mr beaks classic burger, 15.98, 1kg, 7.99, 0.5KG, 1
peppercorn beef burger extra lean, 15.98, 1kg, 7.99, 0.5KG, 1
peppercorn beef burger extra lean asian, 15.98, 1kg, 7.99, 0.5KG, 1
woolworths beef burger economy, 8.49, 1kg, 8.49, 1kg, 1
woolworths beef burger homestyle, 11.98, 1kg, 5.99, 0.5KG, 1
woolworths chicken burger homestyle, 12.58, 1kg, 6.29, 0.5KG, 1
woolworths gold burger melt angus beef, 19.98, 1kg, 7.99, 0.4KG, 1
woolworths heart smart beef burger, 14.98, 1kg, 7.49, 0.5KG, 1
created with jamie chicken burger italian style, 15.98, 1kg, 7.99, 0.5KG, 1
ready to bbq lamb kebabs mint and honey, 15.53, 1kg, 6.99, 0.45KG, 1
created with jamie meatballs herby veal, 17.02, 1kg, 7.49, 0.44KG, 1
macro organic meatballs beef mini, 17.45, 1kg, 6.98, 0.4KG, 1
woolworths meatballs beef italian, 12.48, 1kg, 4.99, 0.4KG, 1
woolworths gold meatballs angus beef, 19.02, 1kg, 7.99, 0.42KG, 1
fiztco rissoles beef aussie country, 11.98, 1kg, 5.99, 0.5KG, 1
aussie beef sausage mince, 7.00, 1kg, 3.50, 0.5KG, 1
macro organic beef chipolata, 16.65, 1kg, 7.99, 0.48KG, 1
peppercorn beef chipolata extra lean, 17.76, 1kg, 7.99, 0.45KG, 1
peppercorn beef sausages extra lean, 17.76, 1kg, 7.99, 0.45KG, 1
woolworths beef chevap, 13.98, 1kg, 6.99, 0.5KG, 1
woolworths beef chipolatas aussie, 8.07, 1kg, 5.49, 0.68KG, 1
woolworths beef sausages aussie thin, 8.07, 1kg, 5.49, 0.68KG, 1
woolworths beef sausages herb and garlic, 8.07, 1kg, 5.49, 0.68KG, 1
woolworths beef sausages honey flavoured, 8.07, 1kg, 5.49, 0.68KG, 1
woolworths gold beef pepper barossa shiraz sausages, 19.02, 1kg, 7.99, each, 1
woolworths gold boerewors, 19.02, 1kg, 7.99, 0.42KG, 1
macro free range chicken sausages, 11.01, 1kg, 7.49, 0.68KG, 1
peppercorn chicken sausages extra lean limeandspice, 21.31, 1kg, 7.99, 0.375KG, 1
woolworths chicken sausages, 9.25, 1kg, 6.29, 0.68KG, 1
woolworths gold chicken and rocket sausages, 19.02, 1kg, 7.99, 0.42KG, 1
woolwoths gold free range chicken camembert and onion sausage, 19.02, 1kg, 7.99, 0.42KG, 1
woolworths gold chorizo sausage spanish style, 19.02, 1kg, 7.99, 0.42KG, 1
mr beaks gourmet sausages original, 17.76, 1kg, 7.99, 0.45KG, 1
mr beaks gourmet sausages smokey chorizo, 17.76, 1kg, 7.99, 0.45KG, 1
woolworths kebabs chicken bbq, 16.67, 1kg, 6.25, 0.375KG, 1
macro organic lamb mint and rosemary sausages, 16.23, 1kg, 6.49, 0.38KG, 1
woolworths gold lamb mint, honey and rosemary sausage, 19.02, 1kg, 7.99, 0.42KG, 1
homebrand mixed thin sausages, 3.86, 1kg, 6.95, 1.8kg, 1
woolworths gold sausages mixed beef and pork italian style, 19.02, 1kg, 7.99, 0.42KG, 1
macro organic lamb sausages, 15.53, 1kg, 6.99, 0.45KG, 1
created with jamie pork sausages classic cumberland, 17.76, 1kg, 7.99, 0.45KG, 1
michael king of sausages pork and apple, 17.76, 1kg, 7.99, 0.45KG, 1
peppercorn pork sausage extra lean, 17.76, 1kg, 7.99, 0.45KG, 1
woolworths pork sausages aussie, 8.07, 1kg, 5.49, 0.68KG, 1
woolworths gold pork tolouse style sausage, 19.02, 1kg, 7.99, 0.42KG, 1
ingham turkey sausages, 8.98, 1kg, 4.49, 0.5KG, 1
ingham turkey breast burgers, 6.29, 1ea, 6.29, 0.45KG, 1
ingham turkey breast steaks, 19.99, 1kg, 8.20, 0.41KG, 1
woolworths fresh turkey breast oven roasted, 17.99, 1kg, 18.17, 1.01kg, 1
woolworths fresh turkey breast oven roasted portion, 14.99, 1kg, 8.24, 0.55KG, 1
ingham turkey drumsticks, 5.53, 1kg, 8.57, 1.55kg, 1
ingham offal turkey necks, 6.49, 1kg, 8.63, 1.33kg, 1
ingham turkey roast cranberry and apple, 8.73, 1kg, 8.73, 1kg, 1
fresh turkey deboned whole, 14.49, 1kg, 28.98, 2kg, 1
ingham turkey frozen thigh roast, 9.00, 1kg, 9.00, 1kg, 1
woolworths whole turkey buffet on bone oven roasted, 15.49, 1kg, 34.08, 2.2kg, 1
ingham turkey wing pieces, 5.99, 1kg, 8.09, 1.35kg, 1
woolworths veal mince, 13.75, 1kg, 5.50, 0.4KG, 1
created with jamie veal scaloppini with basil crumb, 32.00, 1kg, 11.20, 0.35KG, 1
veal schnitzel steak heart smart, 23.99, 1kg, 12.35, 0.515KG, 1
clean harvest barramundi fillets skin on, 22.22, 1kg, 4.00, 0.18KG, 1
ocean chef barramundi salt water portions skin on, 28.99, 1kg, 28.99, 1kg, 1
woolworths select barramundi tempura battered, 24.15, 1kg, 9.66, 0.4KG, 1
homebrand frozen basa fillets, 6.99, 1kg, 6.99, 1kg, 1
seagold basa fillets, 9.89, 1kg, 9.89, 1kg, 1
woolworths select dory fillets battered, 16.10, 1kg, 9.66, 0.6KG, 1
birds eye ocean selections fish hoki, 19.99, 1kg, 13.99, 0.7KG, 1
by george fish crumbed whiting fillets, 10.99, 1kg, 10.99, 1kg, 1
ocean chef fish atlantic cod portions, 28.99, 1kg, 28.99, 1kg, 1
ocean chef fish king snapper portions, 26.99, 1kg, 26.99, 1kg, 1
by george meal gyoza, 8.40, 1kg, 4.20, 0.5KG, 1
by george meal seafood dumpling, 13.30, 1kg, 3.99, 0.3KG, 1
hanabi asian meal san choy bao, 43.45, 1kg, 14.99, 0.345KG, 1
hanabi asian meal tomato and garlic, 43.45, 1kg, 14.99, 0.345KG, 1
australian prawn meat raw, 36.63, 1kg, 10.99, 0.3KG, 1
de costi australian king prawn cooked and frozen, 47.98, 1kg, 23.99, 0.5KG, 1
frozen prawn cutlets green, 22.90, 1kg, 22.90, 1kg, 1
imported prawn cocktail cooked tail on, 26.90, 1kg, 26.90, 1kg, 1
just caught prawn meat australian, 39.98, 1kg, 19.99, 0.5KG, 1
ocean chef prawn cooked and peeled, 25.90, 1ea, 25.90, 1kg, 1
cape merch prawns cooked vannamei, 26.99, 1kg, 26.99, 1kg, 1
crazy dragon prawns gyoza chunky, 29.97, 1kg, 8.99, 0.3KG, 1
eastern kitchen prawns cocktail ring with sauce, 47.73, 1kg, 15.99, each, 1
ocean chef prawns cocktail, 42.64, 1kg, 15.99, 0.375KG, 1
ocean chef prawns cooked and peeled, 42.64, 1kg, 15.99, 0.375KG, 1
ocean house prawns pumpkin seed crusted, 59.46, 1kg, 9.99, 0.168KG, 1
ocean house prawns tempura, 62.44, 1kg, 9.99, 0.16KG, 1
woolworths select prawns green meat, 23.98, 1kg, 11.99, 0.5KG, 1
findus marinara salad just add tomatoes and pasta, 23.98, 1kg, 11.99, 0.5KG, 1
just caught salad imported seafood mix, 6.90, 1kg, 6.90, 1kg, 1
ocean chef salmon parcels in leek and cheese sauce, 17.68, 1kg, 4.95, 0.28KG, 1
ocean chef salmon parcels spinach and cheese sauce, 17.68, 1kg, 4.95, 0.28KG, 1
ocean chef salmon portions skin on, 19.80, 1kg, 4.95, 0.25KG, 1
ocean chef salmon portions skin on, 29.99, 1kg, 29.99, 1kg, 1
woolworths select frozen salmon fillets tasmanian atlantic, 35.96, 1kg, 8.99, 0.25KG, 1
findus squid crumbed rings, 13.89, 1kg, 5.00, 0.36KG, 1
findus squid salt and pepper, 13.89, 1kg, 5.00, 0.36KG, 1
ocean chef squid rings panko, 22.19, 1kg, 7.99, 0.36KG, 1
ocean chef squid salt and pepper, 22.19, 1kg, 7.99, 0.36KG, 1
ocean chef squid steaks, 18.99, 1kg, 18.99, 1kg, 1
woolworths select squid salt and pepper chilled, 17.50, 1kg, 7.00, 0.4KG, 1
ocean chef tuna yellowfin tuna steaks, 28.99, 1kg, 28.99, 1kg, 1
woolworths select whiting fillets crumbed, 16.10, 1kg, 9.66, 0.6KG, 1
thawed import barramundi fillets, NA, NA, 19.99, per kg, 1
freshwater basa fillets, NA, NA, 9.90, per kg, 1
moreton bay bug cooked, NA, NA, 34.99, per kg, 1
imported smoked cod african fillets, NA, NA, 14.99, per kg, 1
imported thawed flathead fillets, NA, NA, 19.99, per kg, 1
thawed new zealand hokie fillets skinless, NA, NA, 9.90, per kg, 1
portion ling skinned and boned thawed, NA, NA, 18.90, per kg, 1
australian lobster rock green tails, NA, NA, 89.99, per kg, 1
thawed marinara mix local and imported ingredients, NA, NA, 11.90, per kg, 1
thawed imported perch nile fillets lake victoria, NA, NA, 19.99, per kg, 1
australian prawn extra large tiger cooked, 34.99, 1kg, 34.99, per kg, 1
australian prawn king green large thawed, NA, NA, 17.99, per kg, 1
australian prawn king green xlarge, NA, NA, 24.99, per kg, 1
australian thawed prawn green banana large, NA, NA, 16.99, per kg, 1
australian thawed prawn king green jumbo, NA, NA, 26.99, per kg, 1
australian thawed prawn tiger cooked medium, NA, NA, 25.99, per kg, 1
australian thawed prawn tiger cooked xlarge, NA, NA, 29.90, per kg, 1
cooked prawn peeled, NA, NA, 25.90, per kg, 1
frozen prawn cocktail cooked tail on, 26.90, 1kg, 26.90, per kg, 1
frozen prawn raw meat green, 22.90, 1kg, 22.90, per kg, 1
thawed prawn cutlets green, 22.90, 1kg, 22.90, per kg, 1
thawed prawn marinated garlic, NA, NA, 21.99, prer kg, 1
thawed prawn vannamei cooked small, NA, NA, 15.99, per kg, 1
thawed cooked tiger prawn jumbo, NA, NA, 31.99, per kg, 1
raw prawns tiger giant, NA, NA, 29.99, per kg, 1
imported scallops, NA, NA, 39.99, per kg, 1
australian squid tubes, NA, NA, 13.99, per kg, 1
baby octopus squid cleaned, NA, NA, 10.99, per kg, 1
natural imported squid rings, NA, NA, 14.99, per kg, 1
bertocchi bacon short rindless, 14.96, 1kg, 7.48, 0.5KG, 1
dorsogna streaky bacon, 15.49, 1kg, 15.49, per kg, 1
krc bacon pieces rindless style, 12.99, 1kg, 12.99, per kg, 1
primo bacon loin portion smoked, 20.99, 1kg, 10.50, 0.5KG, 1
primo bacon middle rashers, 9.99, 1kg, 9.99, per kg, 1
primo bacon short cut rashes rindless, 16.99, 1kg, 16.99, per kg, 1
woolworths fresh bacon shredded, 12.79, 1kg, 12.79, per kg, 1
edgell hash brown, 0.50, 1ea, 0.50, each, 1
woolworths hock meat slow cooked, 15.06, 1kg, 7.53, 0.5KG, 1
bertocchi hocks pork bones, 13.96, 1kg, 6.98, 0.5KG, 1
primo hocks smoked, 10.98, 1kg, 10.98, per kg, 1
wurstel biersticks german, 37.95, 1kg, 7.59, 0.2KG, 1
gotzinger bratwurst german, 18.58, 1kg, 7.43, 0.4KG, 1
don cabanossi bites, 12.00, 1kg, 6.00, 0.5KG, 1
primo cabanossi, 18.61, 1kg, 6.98, 0.375KG, 1
primo cabanossi traditional, 16.29, 1kg, 16.29, per kg, 1
primo cacciatori mild, 37.76, 1kg, 5.27, 0.31KG, 1
hans chorizo, 29.16, 1kg, 7.29, 0.25KG, 1
primo berliner sliced, 15.78, 1kg, 15.78, per kg, 1
primo cabanossi bite, 21.75, 1kg, 4.35, 0.2KG, 1
inghams chicken shaved breast supreme 97% ff, 19.99, 1kg, 19.99, per kg, 1
inghams chicken sliced breast supreme 97%ff, 19.99, 1kg, 19.99, per kg, 1
inghams chicken sliced roll, 11.99, 1kg, 11.99, per kg, 1
hans devon sliced, 7.00, 1kg, 7.00, per kg, 1
hans devon sliced, 6.78, 1kg, 3.39, 0.5KG, 1
bertocchi ham shaved leg premium boneless, 24.00, 1kg, 24.00, per kg, 1
bertocchi ham sliced leg premium boneless, 24.00, 1kg, 24.00, per kg, 1
dorsogna ham shaved leg triple smoked 97%ff, 20.99, 1kg, 20.99, per kg, 1
dorsogna ham sliced leg t/smoked 97% ff, 20.99, 1kg, 20.99, per kg, 1
dorsogna australian honey leg ham sliced, 21.99, 1kg, 21.99, per kg, 1
kr castlemaine boneless leg ham shaved, 13.49, 1kg, 13.49, per kg, 1
kr castlemaine leg ham sliced, 13.49, 1kg, 13.49, per kg, 1
krc ham champagne sliced, 16.98, 1kg, 16.98, per kg, 1
krc ham shredded, 14.39, 1kg, 14.39, per kg, 1
krc early settlers boneless ham leg sliced, 25.98, 1kg, 25.98, per kg, 1
montecatini premium ham carved, 63.92, 1kg, 15.98, 0.25KG, 1
pastoral ham honey ham bone, 27.98, 1kg, 27.98, per kg, 1
pastoral ham sliced honey glazed, 27.98, 1kg, 27.98, per kg, 1
primo ham shaved free range leg, 23.48, 1kg, 23.48, per kg, 1
primo ham shaved leg off the bone, 26.48, 1kg, 26.48, per kg, 1
primo ham sliced free range leg, 23.48, 1kg, 23.48, per kg, 1
primo ham sliced off the bone, 26.48, 1kg, 26.48, per kg, 1
woolworths ham steak, 15.99, 1kg, 15.99, per kg, 1
woolworths traditional ham double smoked sliced, 21.98, 1kg, 21.98, per kg, 1
bertocchi mortadella sliced green olive, 11.40, 1kg, 11.40, per kg, 1
bertocchi mortadella sliced pepper, 11.40, 1kg, 11.40, per kg, 1
bertocchi mortadella sliced plain, 11.40, 1kg, 11.40, per kg, 1
hot round pancetta, 31.49, 1kg, 31.49, per kg, 1
mild round pancetta, 31.49, 1kg, 31.49, per kg, 1
montecatini rosemary pancetta, 59.80, 1kg, 5.98, 0.1KG, 1
new york pastrami sliced, 23.98, 1kg, 23.98, per kg, 1
woolworths pastrami premium sliced, 25.99, 1kg, 25.99, per kg, 1
hans pork sliced brawn, 15.20, 1kg, 15.20, per kg, 1
primo roast pork lemon myrtle flavoured sliced, 23.09, 1kg, 23.09, per kg, 1
primo roast pork pepper sliced, 23.09, 1kg, 23.09, per kg, 1
woolworths roast pork sliced, 25.98, 1kg, 25.98, per kg, 1
hans salami hungarian hot shaved, 26.00, 1kg, 26.00, per kg, 1
san marino salami hungarian hot, 54.80, 1kg, 5.48, 0.1KG, 1
woolworths silverside corned sliced, 16.99, 1kg, 16.99, per kg, 1
primo strassburg sliced, 13.19, 1kg, 13.19, per kg, 1
ingham turkey breast oven roasted shaved, 19.99, 1kg, 19.99, per kg, 1
inghams turkey breast oven roasted sliced, 19.99, 1kg, 19.99, per kg, 1
inghams turkey sliced breast dbl premium97%ff, 29.98, 1kg, 29.98, per kg, 1
inghams turkey sliced breast swtherb mustard, 29.98, 1kg, 29.98, per kg, 1
primo chorizo, 21.50, 1kg, 21.50, per kg, 1
primo chorizo 2 pack, 30.20, 1kg, 7.55, 0.25KG, 1
primo coppa, 29.39, 1kg, 29.39, per kg, 1
wurstel debreciner, 25.30, 1kg, 7.59, 0.3KG, 1
don cocktail frankfurts, 7.50, 1kg, 7.50, per kg, 1
don thin frankfurts, 7.50, 1kg, 7.50, per kg, 1
gotzinger frankfurts continental, 23.27, 1kg, 6.98, 0.3KG, 1
hans frankfurts hot dog american style, 14.47, 1kg, 14.47, per kg, 1
hans frankfurts saveloy, 10.49, 1kg, 10.49, per kg, 1
oliving by hans frankfurts cocktail, 17.93, 1kg, 5.38, 0.3KG, 1
oliving by hans frankfurts thin, 17.93, 1kg, 5.38, 0.3KG, 1
primo frankfurts cocktail, 8.38, 1kg, 8.38, 1kg, 1
primo frankfurts continental, 14.19, 1kg, 14.19, per kg, 1
primo frankfurts slim, 8.38, 1kg, 8.38, 1kg, 1
gotzinger kabana pepperoni, 17.33, 1kg, 6.93, 0.4KG, 1
wurstel kabana, 25.30, 1kg, 7.59, 0.3KG, 1
wurstel kabana cheese, 25.30, 1kg, 7.59, 0.3KG, 1
bertocchi kaiser fleisch, 19.48, 1kg, 19.48, per kg, 1
don kransky plain, 24.63, 1kg, 7.39, 0.3KG, 1
gotzinger kransky cheese, 18.55, 1kg, 7.42, 0.4KG, 1
primo kransky cheese, 16.29, 1kg, 16.29, per kg, 1
primo kransky double smoked, 16.29, 1kg, 16.29, per kg, 1
wurstel kransky, 25.30, 1kg, 7.59, 0.3KG, 1
wurstel kransky cheese, 25.30, 1kg, 7.59, 0.3KG, 1
hans liverwurst traditional, 21.90, 1kg, 2.19, 0.1KG, 1
fresh otto wurth frank german style, 14.59, 1kg, 14.59, per kg, 1
hans pepperoni hot rocket, 59.33, 1kg, 0.89, 0.015KG, 1
primo pepperoni sausage, 21.99, 1kg, 21.99, per kg, 1
bertocchi prosciutto serrano rindless, 49.99, 1kg, 49.99, per kg, 1
italian prosciutto di parma, 53.99, 1kg, 53.99, per kg, 1
san marino prosciutto, 59.90, 1kg, 5.99, 0.1KG, 1
san marino prosciutto rindless, NA, NA, 39.99, per kg, 1
gotzinger pudding black, 18.48, 1kg, 7.39, 0.4KG, 1
don rookwurst dutch, 25.31, 1kg, 9.49, 0.375KG, 1
bertocchi salami chilli sliced, 27.98, 1kg, 27.98, per kg, 1
bertocchi salami mild sopressa, 28.98, 1kg, 28.98, per kg, 1
bertocchi salami pepperoni, 20.00, 1kg, 10.00, 0.5KG, 1
bertocchi salami sopresso hot sliced, 28.98, 1kg, 28.98, per kg, 1
bertocchi salami ventracina portions, 24.98, 1kg, 24.98, per kg, 1
csabai hungarian salami mild, 26.99, 1kg, 26.99, per kg, 1
d'orsogna spanish salami chorizo sliced, 27.98, 1kg, 27.98, per kg, 1
don salami hungarian hot, 31.95, 1kg, 6.39, 0.2KG, 1
don salami pepperoni, 31.95, 1kg, 6.39, 0.2KG, 1
don salami white hungarian, 31.95, 1kg, 6.39, 0.2KG, 1
dorsogna salami mild tasty sticks, 19.98, 1kg, 7.99, 0.4KG, 1
dorsogna salami tasty sticks mild, 19.99, 1kg, 19.99, per kg, 1
dorsogna salami tasty sticks spicy, 19.99, 1kg, 19.99, per kg, 1
gold pork and fennel salami, 39.97, 1kg, 11.99, 0.3KG, 1
hans salami hungarian, 27.96, 1kg, 6.99, 0.25KG, 1
hans salami hungarian shaved mild, 26.00, 1kg, 26.00, per kg, 1
hans salami lime and black pepper, 27.96, 1kg, 6.99, 0.25KG, 1
hans salami mild chilli and basil, 27.96, 1kg, 6.99, 0.25KG, 1
hans salami peperilli, 27.96, 1kg, 6.99, 0.25KG, 1
hans salami spanish, 27.96, 1kg, 6.99, 0.25KG, 1
hans salami sticks, 59.33, 1kg, 0.89, 0.015KG, 1
hans salami tuscan, 27.96, 1kg, 6.99, 0.25KG, 1
krc hungarian salami hot sliced, 20.00, 1kg, 20.00, per kg, 1
krc hungarian salami mild sliced, 20.00, 1kg, 20.00, per kg, 1
montecatini salami fennel and garlic, 59.80, 1kg, 5.98, 0.1KG, 1
montecatini salami with capers, 59.80, 1kg, 5.98, 0.1KG, 1
montecatini salami with olives, 59.80, 1kg, 5.98, 0.1KG, 1
primo salami danish shaved mild, 29.39, 1kg, 29.39, per kg, 1
primo salami spanish shaved hot, 29.39, 1kg, 29.39, per kg, 1
tibaldi salami beef, NA, NA, 22.98, per kg, 1
woolworth fresh salami sopressa hot, 26.99, 1kg, 26.99, per kg, 1
primo sausages polish sliced, 14.69, 1kg, 14.69, per kg, 1
flat sopressa green olive sliced, 28.98, 1kg, 28.98, per kg, 1
handmade sopressa hot sliced, 29.49, 1kg, 29.49, per kg, 1
handmade sopressa mild sliced, 29.49, 1kg, 29.49, per kg, 1
primo speck portion, 24.19, 1kg, 9.19, 0.38KG, 1
primo strassburg sliced, 9.98, 1kg, 4.99, 0.5KG, 1
baklava treat mini rolls, NA, NA, 4.99, each, 1
turkish delight treat rosewater flavour, NA, NA, 24.99, per kg, 1
la nova anchovies fillets, 24.98, 1kg, 13.99, 0.56KG, 1
marinated chargrilled artichokes, 17.30, 1kg, 5.19, 0.3KG, 1
nifty artichokes italian style, 27.98, 1kg, 27.98, per kg, 1
nifty capsicum peppers bell sweet stuffed, 40.85, 1kg, 40.85, per kg, 1
nifty capsicum skinless char grilled, 23.98, 1kg, 23.98, per kg, 1
woolworths deli express capsicum strips marinated, 22.1, 0.1KG, 3.98, 0.18KG, 1
nifty dolmades stuffed, 0.47, 1ea, 0.47, each, 1
always fresh eggplant chargrilled marinated, 17.30, 1kg, 5.19, 0.3KG, 1
nifty eggplant char grilled, 24.98, 1kg, 24.98, per kg, 1
ausfresh australian fresh mix tuscan, 26.99, 1kg, 26.99, per kg, 1
woolworths deli express fresh mix antipasto selection, 22.7, 0.1KG, 3.98, 0.175KG, 1
woolworths deli express fresh mix greek selection, 22.1, 0.1KG, 3.98, 0.18KG, 1
olive hummus, 24.45, 1kg, 4.89, 0.2KG, 1
ausfresh australian olives filled with fetta, 34.65, 1kg, 34.65, per kg, 1
don vica olives green stuffed chilli garlic, 22.99, 1kg, 22.99, per kg, 1
don vica olives in tequila lime and chilli, 27.30, 1kg, 27.30, per kg, 1
elco olives kalamata pitted balsamic, 25.20, 1kg, 25.20, per kg, 1
fresh olives kalamata sliced, 22.0, 0.1KG, 22.00, per kg, 1
marinated pitted kalamata olives, 17.30, 1kg, 5.19, 0.3KG, 1
nifty olives marinated and pitted, 27.30, 1kg, 27.30, per kg, 1
nifty olives mixed marinated, 25.00, 1kg, 25.00, per kg, 1
sicilian olives, 17.30, 1kg, 5.19, 0.3KG, 1
woolworths deli express olives green with chilli and garlic, 21.5, 0.1KG, 3.98, 0.185KG, 1
woolworths deli express olives kalamata pitted balsamic, 21.5, 0.1KG, 3.98, 0.185KG, 1
woolworths deli express olives mediterranean pitted mixed, 21.5, 0.1KG, 3.98, 0.185KG, 1
woolworths deli express olives mixed gourmet, 17.30, 1kg, 5.19, 0.3KG, 1
woolworths deli express olives stuffed with fetta, 21.5, 0.1KG, 3.98, 0.185KG, 1
woolworths fresh olives green split with herbs, 25.99, 1kg, 25.99, per kg, 1
woolworths fresh olives kalamata greek, 26.25, 1kg, 26.25, per kg, 1
woolworths fresh olives kalamata greek pitted, 13.00, 1kg, 13.00, per kg, 1
woolworths fresh olives thai stle marinated, 22.99, 1kg, 22.99, per kg, 1
ausfresh australian tomatoes semi dried + fetta, 26.00, 1kg, 26.00, per kg, 1
australian semi dried tomatoes low fat, 26.83, 1kg, 26.83, per kg, 1
marinated sun dried tomatoes, 17.30, 1kg, 5.19, 0.3KG, 1
picasso australian tomatoes semi dried, 28.17, 1kg, 28.17, per kg, 1
woolworths deli express tomatoes semi dried, 22.1, 0.1KG, 3.98, 0.18KG, 1
woolworths deli express tomatoes semi dried low fat, 22.1, 0.1KG, 3.98, 0.18KG, 1
ali baba falafel quinoa, 15.0, 0.1KG, 14.99, per kg, 1
ali baba pide lamb olives and fetta, 34.3, 0.1KG, 5.49, 0.16KG, 1
ali baba pide spinach and fetta, 34.3, 0.1KG, 5.49, 0.16KG, 1
hawken vegie burger, 1.99, 1ea, 1.99, each, 1
picasso foods quiche chicken parmiagana, 30.0, 0.1KG, 5.99, 0.2KG, 1
picasso foods savoury arancini chicken mozzarella, 19.4, 0.1KG, 3.49, 0.18KG, 1
picasso foods savoury arancini pesto ricotta cheese, 19.4, 0.1KG, 3.49, 0.18KG, 1
woolworths quiche chorizo and capsicum, 28.0, 0.1KG, 5.60, 0.2KG, 1
woolworths quiche chorizo capsicum, 17.6, 0.1KG, 12.35, 0.7KG, 1
woolworths quiche lorraine, 17.6, 0.1KG, 12.35, 0.7KG, 1
woolworths quiche pumpkin capsicum parmesan, 17.6, 0.1KG, 12.29, 0.7KG, 1
rspca australian chicken breast double fillet, 9.00, 1kg, 9.00, per kg, 1
woolworths chicken breast schnitzel lemon garlic, 2.99, 1ea, 2.99, each, 1
woolworths chicken breast schnitzel white, 2.99, 1ea, 2.99, each, 1
woolworths chicken pops, 1.40, 1ea, 1.40, each, 1
chicken breast schnitzel crumbed, 1.99, 1ea, 1.99, each, 1
chicken breast schnitzel crumbed honey mustard, 1.99, 1ea, 1.99, each, 1
woolworths fresh chicken drumsticks, 3.98, 1kg, 3.98, 0.25KG, 1
chicken kebab honey soy, 1.25, 1ea, 1.25, each, 1
chicken kebab lemon and garlic, 1.25, 1ea, 1.25, each, 1
chicken kebab satay style, 1.25, 1ea, 1.25, each, 1
chicken kebab smokey bbq, 1.25, 1ea, 1.25, each, 1
chicken lovely legs, 5.99, 1kg, 5.99, per kg, 1
chicken mignon, 2.79, 1ea, 2.79, each, 1
chicken tenderloins, 13.99, 1kg, 13.99, per kg, 1
chicken thigh cutlets, 4.99, 1kg, 4.99, 0.25KG, 1
chicken thigh fillet, 8.48, 1kg, 8.48, per kg, 1
chicken wings bbq plum, 6.99, 1kg, 6.99, per kg, 1
chicken wings honey soy, 6.99, 1kg, 6.99, per kg, 1
chicken wings three joint, 3.98, 1kg, 3.98, 0.25KG, 1
fresh chicken wings buffalo, 6.99, 1kg, 6.99, per kg, 1
woolworths gold smoked beef wagyu sliced, 29.99, 1kg, 29.99, per kg, 1
woolworths rare roast beef sliced, NA, NA, 28.99, per kg, 1
woolworths roast beef sliced, 23.98, 1kg, 23.98, per kg, 1
