welsh cheddar cheese 200g, 46.70 , kg, 9.34, 0.2KG, 1
light tasty shredded cheese 500g, 16.0, kg, 8.02, 0.5KG, 1
light vintage cheese slices 12 pack 250g, 28.40 , kg, 7.10, 0.25KG, 1
skim milk carton 600ml, 2.70 , kg, 1.62, 0.6L, 1
thick vanilla custard 500g, 6.1, kg, 3.03, 0.5KG, 1
thick n creamy blueberry yoghurt 150g, 15.3, kg, 2.30, 0.15KG, 1
thick n creamy lemon cream yoghurt 150g, 15.3, kg, 2.30, 0.15KG, 1
dunkers ritz crackers 138g, 33405.8, kg, 4.61, 0.138KG, 1
fridge sticks 8 pack 160g, 30.19 , kg, 4.83, 0.16KG, 1
cheesy pops 12 pack 144g, 32.85 , kg, 4.73, 0.144KG, 1
ultimate greek coconut and pineapple yoghurt 500g, 9.2, kg, 4.60, 0.5KG, 1
raw flavoured milk 500ml, 6.50 , kg, 3.25, 0.5L, 1
double espresso flavoured milk 750ml, 5.00 , kg, 3.75, 0.75L, 1
mediterranean hummus dip 200g, 27.5, kg, 5.50, 0.2KG, 1
beetroot hummus dip 200g, 27.5, kg, 5.50, 0.2KG, 1
harissa hummus dip 200g, 27.5, kg, 5.50, 0.2KG, 1
roasted garlic hummus dip 200g, 27.5, kg, 5.50, 0.2KG, 1
hearty vegetable soup 560ml, 1.28 , kg, 7.15, 0.56L, 1
barista frothing long life milk 1l, 1.70 , kg, 1.70, barista frothing long life milk 1l, 1
natural tasty cheese slices 200g, 25.9, kg, 5.17, 0.2KG, 1
light n tasty cheese slices 200g, 25.9, kg, 5.17, 0.2KG, 1
smoothies tropical 200ml, 5.95 , kg, 3.57, 0.2L, 1
light aerosol cream 250g, 16.0, kg, 4.00, 0.25KG, 1
vegetarian lentil burger 500g, 12.8, kg, 6.38, 0.5KG, 1
vegetarian lentil burger 250g, 17.2, kg, 4.29, 0.25KG, 1
barn laid large eggs 12 pack 600g, 9.3, kg, 5.60, 0.6KG, 1
iced coffee flavoured milk 600ml, 4.17 , kg, 2.50, 0.6L, 1
iced coffee flavoured milk 2l, 2.00 , kg, 4.00, iced coffee flavoured milk 2l, 1
european style yoghurt, 5.0, kg, 5.00, 1kg, 1
mixed berry squeezy 70g, 25.0, kg, 1.75, 0.07KG, 1
natural yoghurt no added sugar 700g, 7.1, kg, 5.00, 0.7KG, 1
organic coffee bean yoghurt 170g, 15.9, kg, 2.70, 0.17KG, 1
organic low fat mango yoghurt 700g, 7.1, kg, 5.00, 0.7KG, 1
margarine spread, 15.40 , kg, 15.40, 1kg, 1
vanilla custard cups 97% fat free 4 pack 140g, 7.9, kg, 4.40, 0.14KG, 1
junior sausage rolls 12 pack 780g, 11.8, kg, 9.18, 0.78KG, 1
family lean beef pie 550g, 15.7, kg, 8.65, 0.55KG, 1
double cream 300ml, 1.65 , kg, 4.94, 0.3L, 1
twist passionfruit yoghurt 160g, 18.9, kg, 3.03, 0.16KG, 1
twist blueberry yoghurt 160g, 18.9, kg, 3.03, 0.16KG, 1
raspberry and coconut yoghurt 720g, 10.7, kg, 7.69, 0.72KG, 1
potato gnocchi 500g, 11.6, kg, 5.78, 0.5KG, 1
organic soba noodles 270g, 13.9, kg, 3.74, 0.27KG, 1
thick and creamy greek and coconut yoghurt mix 220g, 22.0, kg, 4.83, 0.22KG, 1
lite greek yoghurt mix 170g, 21.7, kg, 3.69, 0.17KG, 1
thick and creamy strawberry cheesecake yoghurt mix 220g, 22.0, kg, 4.83, 0.22KG, 1
iced coffee flavoured milk 500ml, 6.00 , kg, 3.00, 0.5L, 1
gorgonzola dolce 195g, 36.67 , kg, 7.15, 0.195KG, 1
greek style natural yoghurt low fat, 7.7, kg, 7.69, 1kg, 1
camembert 200g, 52.25 , kg, 10.45, 0.2KG, 1
livefree shredded natural cheese 250g, 26.4, kg, 6.59, 0.25KG, 1
livefree natural cheese block 250g, 25.4, kg, 6.35, 0.25KG, 1
live active cheese slices individually wrapped 20 pack 410g, 22.44 , kg, 9.20, 0.41KG, 1
philadelphia lite chives and onion cream cheese 150g, 25.67 , kg, 3.85, 0.15KG, 1
philadelphia mini extra light cream cheese 160g, 23.38 , kg, 3.74, 0.16KG, 1
smoked salmon and dill dip 185g, 14.9, kg, 2.75, 0.185KG, 1
philadelphia pourover apricot and fig dip 220g, 17.5, kg, 3.85, 0.22KG, 1
veal tortellini 625g, 9.6, kg, 6.00, 0.625KG, 1
creamy mushroom and bacon pasta sauce 425g, 14.1, kg, 6.00, 0.425KG, 1
proscuitto ricotta and basil cappelletti 280g, 23.6, kg, 6.60, 0.28KG, 1
beef stroganoff 350g, 18.9, kg, 6.60, 0.35KG, 1
capsicum and mozzarella cappelletti 280g, 23.6, kg, 6.60, 0.28KG, 1
stir thru roasted pumpkin parmesan and chives pasta sauce 300g, 18.2, kg, 5.45, 0.3KG, 1
paneer 200g, 35.75 , kg, 7.15, 0.2KG, 1
reduced fat smooth fetta 200g, 24.75 , kg, 4.95, 0.2KG, 1
natural lactose free colby cheese slices 200g, 27.50 , kg, 5.50, 0.2KG, 1
lactose free spreadable cream cheese 250g, 19.36 , kg, 4.84, 0.25KG, 1
goats long life milk 1l, 5.17 , kg, 5.17, goats long life milk 1l, 1
blue vein cheese portions 100g, 44.60 , kg, 4.46, 0.1KG, 1
margarine spread 250g, 8.8, kg, 2.20, 0.25KG, 1
unsalted cook and bake 250g, 11.0, kg, 2.74, 0.25KG, 1
marinated goat cheese 320g, 40.63 , kg, 13.00, 0.32KG, 1
organic feta cheese 150g, 58.60 , kg, 8.79, 0.15KG, 1
mascarpone 250g, 24.20 , kg, 6.05, 0.25KG, 1
chocolate flavoured milk carton 600ml, 4.17 , kg, 2.50, 0.6L, 1
diet creme caramel 2 pack 125g, 12.1, kg, 3.03, 0.125KG, 1
soleil diet peach and mango yoghurt, 5.8, kg, 5.82, 1kg, 1
soleil blueberry greek yoghurt 600g, 8.2, kg, 4.94, 0.6KG, 1
split pot jaffa dessert 117g, 25.9, kg, 3.03, 0.117KG, 1
spread margarine olive oil lite tub 500g, 8.8, kg, 4.39, 0.5KG, 1
chocolate flavoured milk no added sugar 500ml, 5.30 , kg, 2.65, 0.5L, 1
iced coffee flavoured milk 2l, 2.95 , kg, 5.90, iced coffee flavoured milk 2l, 1
iced coffee flavoured milk 300ml, 5.77 , kg, 1.73, 0.3L, 1
strawberry flavoured milk 300ml, 5.77 , kg, 1.73, 0.3L, 1
iced coffee flavoured milk carton 600ml, 4.63 , kg, 2.78, 0.6L, 1
classic strawberry flavoured milk 2l, 2.83 , kg, 5.65, classic strawberry flavoured milk 2l, 1
roasted pine nut hommus dip 220g, 22.0, kg, 4.84, 0.22KG, 1
zesty jalapeno hommus dip 220g, 22.0, kg, 4.84, 0.22KG, 1
garnished basil pesto hommus dip 220g, 22.0, kg, 4.84, 0.22KG, 1
cage x large eggs 12 pack 700g, 7.1, kg, 5.00, 0.7KG, 1
buffalo style mozzarella cheese 250g, 34.28 , kg, 8.57, 0.25KG, 1
mascarpone cheese 250g, 23.76 , kg, 5.94, 0.25KG, 1
organic low fat milk 1l, 3.15 , kg, 3.15, organic low fat milk 1l, 1
malt honey choc flavoured milk 98% fat free 500ml, 6.00 , kg, 3.00, 0.5L, 1
trim vanilla custard, 4.4, kg, 4.35, 1kg, 1
double thick chocolate custard 900g, 5.7, kg, 5.17, 0.9KG, 1
goats milk carton 1l, 4.99 , kg, 4.99, goats milk carton 1l, 1
double thick custard french vanilla 175g, 1.04 , kg, 1.82, 0.175KG, 1
grated extra sharp parmesan cheese 125g, 34.24 , kg, 4.28, 0.125KG, 1
extra sharp parmesan cheese block 200g, 33.50 , kg, 6.70, 0.2KG, 1
organic pumpkin with ginger soup 600g, 13.8, kg, 8.25, 0.6KG, 1
vegetable quinoa soup 600g, 13.8, kg, 8.25, 0.6KG, 1
stone baked pizza base 2 pack 600g, 7.7, kg, 4.62, 0.6KG, 1
mango and madagascan vanilla yoghurt 560g, 9.8, kg, 5.49, 0.56KG, 1
thai chilli dip 150g, 33.7, kg, 5.05, 0.15KG, 1
beetroot and fetta dip 150g, 33.7, kg, 5.05, 0.15KG, 1
spicy mango lime and cashews dip 150g, 33.0, kg, 4.95, 0.15KG, 1
fat free soy drink 1l, 2.35 , kg, 2.35, fat free soy drink 1l, 1
lite soy drink 1l, 2.35 , kg, 2.35, lite soy drink 1l, 1
bliss vanilla long life soy drink 1l, 3.29 , kg, 3.29, bliss vanilla long life soy drink 1l, 1
organic plain firm tofu 250g, 15.0, kg, 3.74, 0.25KG, 1
soy cheese omega 3 200g, 27.5, kg, 5.50, 0.2KG, 1
d'lite wild strawberry yoghurt, 5.8, kg, 5.82, 1kg, 1
persian fetta 180g, 56.83 , kg, 10.23, 0.18KG, 1
vintage cheddar cheese 250g, 26.40 , kg, 6.60, 0.25KG, 1
dairy free margarine 500g, 4.5, kg, 2.26, 0.5KG, 1
reduced cholesterol spread 500g, 8.0, kg, 4.00, 0.5KG, 1
no fat natural yoghurt, 6920.0, kg, 6.92, 1kg, 1
greek yoghurt, 6920.0, kg, 6.92, 1kg, 1
triple cream brie oval 125g, 43.12 , kg, 5.39, 0.125KG, 1
brie 250g, 48.20 , kg, 12.05, 0.25KG, 1
brie 125g, 43.12 , kg, 5.39, 0.125KG, 1
lactose free french vanilla yoghurt 2 pack 175g, 11.6, kg, 4.07, 0.175KG, 1
my first vanilla yoghurt pouch 70g, 23.6, kg, 1.65, 0.07KG, 1
breakfast to go apple and cinnamon yoghurt with oat clusters 150g, 18.3, kg, 2.75, 0.15KG, 1
breakfast to go toasted muesli yoghurt 150g, 18.3, kg, 2.75, 0.15KG, 1
lactose free kids vanilla yoghurt pouch 140g, 15.4, kg, 2.15, 0.14KG, 1
calcium plus soy drink carton 1l, 2.99 , kg, 2.99, calcium plus soy drink carton 1l, 1
original coconut milk uht 1l, 3.00 , kg, 3.00, original coconut milk uht 1l, 1
mascarpone cheese 250g, 23.56 , kg, 5.89, 0.25KG, 1
canola spread 500g, 9.6, kg, 4.79, 0.5KG, 1
butter pat 500g, 8.0, kg, 4.00, 0.5KG, 1
fermented milk drink 5 pack 65ml, 12.15 , kg, 3.95, 0.065L, 1
classic mediterranean eggplant dip 200g, NA, kg, N, 0.2KG, A
classic traditional egg salad dip 200g, NA, kg, N, 0.2KG, A
classic italian olive dip 200g, NA, kg, N, 0.2KG, A
sweet potato and cashews dip 200g, NA, kg, N, 0.2KG, A
vanilla bean yoghurt 900g, 6.7, kg, 6.04, 0.9KG, 1
rice bran oil spread 500g, 12.8, kg, 6.38, 0.5KG, 1
chickpea and spinach vegie sausages 320g, 18.2, kg, 5.83, 0.32KG, 1
strong and bitey vintage cheese block 500g, 19.12 , kg, 9.56, 0.5KG, 1
so light grated cheese 50% reduced fat 500g, 18.02 , kg, 9.01, 0.5KG, 1
so light 50% reduced fat vintage tasty cheese block 500g, 18.38 , kg, 9.19, 0.5KG, 1
easy melt colby cheese block 500g, 18.44 , kg, 9.22, 0.5KG, 1
easy melt colby cheese slices 250g, 27.68 , kg, 6.92, 0.25KG, 1
classic cholesterol free spread 500g, 8.8, kg, 4.39, 0.5KG, 1
farmer's best tzatziki dip 200g, 21.5, kg, 4.29, 0.2KG, 1
farmer's best hommus dip with garlic 200g, 21.5, kg, 4.29, 0.2KG, 1
farmer's best guacamole dip 200g, 21.5, kg, 4.29, 0.2KG, 1
basil and cashew dip 200g, 21.5, kg, 4.29, 0.2KG, 1
cheese and chives dip 200g, 21.5, kg, 4.29, 0.2KG, 1
wellbeing no fat tzatziki dip 200g, 21.4, kg, 4.28, 0.2KG, 1
skinny sweet potato dip 200g, 21.4, kg, 4.28, 0.2KG, 1
wellbeing cucumber and fresh herbs dip 200g, 21.4, kg, 4.28, 0.2KG, 1
sweet chilli tofu nuggets 350g, 18.7, kg, 6.55, 0.35KG, 1
light thickened cream 300ml, 0.86 , kg, 2.59, 0.3L, 1
low fat onion and chives cottage cheese 200g, 14.85 , kg, 2.97, 0.2KG, 1
whipping cream 300ml, 0.86 , kg, 2.59, 0.3L, 1
squeezie star wars yoghurt 120g, 18.3, kg, 2.19, 0.12KG, 1
wok ready lo-cal noodles 390g, 6.8, kg, 2.64, 0.39KG, 1
egg noodles 200g, 9.0, kg, 1.79, 0.2KG, 1
banana 170g, 23.9, kg, 4.06, 0.17KG, 1
mango 170g, 23.9, kg, 4.06, 0.17KG, 1
black cherry yoghurt non fat 170g, 14.6, kg, 2.48, 0.17KG, 1
banana yoghurt 170g, 14.6, kg, 2.48, 0.17KG, 1
coconut yoghurt pouch 140g, 17.2, kg, 2.41, 0.14KG, 1
blackberry yoghurt 170g, 14.6, kg, 2.48, 0.17KG, 1
veal tortellini 625g, 8.0, kg, 5.00, 0.625KG, 1
ricotta and spinach agnolotti 625g, 8.0, kg, 5.00, 0.625KG, 1
beef ravioli 375g, 9.9, kg, 3.70, 0.375KG, 1
spring onion and chive cream cheese 190g, 18.26 , kg, 3.47, 0.19KG, 1
veal tortellini 375g, 9.9, kg, 3.70, 0.375KG, 1
sweet chilli cheese 190g, 18.26 , kg, 3.47, 0.19KG, 1
apricot and almond cream cheese 190g, 18.26 , kg, 3.47, 0.19KG, 1
ricotta and spinach agnolotti 375g, 9.9, kg, 3.70, 0.375KG, 1
curry pot mini vegetable samosas 8 pack 200g, 3.30 , kg, 6.60, 0.2KG, 1
tomato, onion and garlic pasta sauce 425g, 10.6, kg, 4.50, 0.425KG, 1
curry pot garlic naan, 1.74 , kg, 3.47, curry pot garlic naan 1 each, 1
basil pesto gourmet dip 150g, 19.1, kg, 2.86, 0.15KG, 1
curry pot lamb rogan josh 350g, 25.1, kg, 8.80, 0.35KG, 1
australian colby block 250g, 17.60 , kg, 4.40, 0.25KG, 1
australian mild cheddar block 250g, 17.60 , kg, 4.40, 0.25KG, 1
tasty cheddar cheese sticks 160g, 33.00 , kg, 5.28, 0.16KG, 1
rice pudding 500g, 11.0, kg, 5.50, 0.5KG, 1
cuisine macaroni cheese 400g, 17.2, kg, 6.88, 0.4KG, 1
cuisine beef lasagne 400g, 17.2, kg, 6.88, 0.4KG, 1
limited edition extra reserve cheddar cheese 500g, 14.00 , kg, 7.00, 0.5KG, 1
caramalised vegetables 150g, NA, kg, N, 0.15KG, A
australian smokey cheese individually wrapped slices 24 pack 250g, 10.56 , kg, 2.64, 0.25KG, 1
australian string pizza cheese 160g, 25.4, kg, 4.07, 0.16KG, 1
havarti cheese slices 200g, 27.25 , kg, 5.45, 0.2KG, 1
cheese slices 84 pack, 9.90 , kg, 9.90, 1kg, 1
yarra valley marinated persian fetta 250g, 60.00 , kg, 15.00, 0.25KG, 1
king island dairy double cream brie  100g, 51.50 , kg, 5.15, 0.1KG, 1
delre mini chol  100g, 36.00 , kg, 3.60, 0.1KG, 1
greek fetta, 29.70 , kg, 29.70, 1kg, 1
provolone mild dolce  250g, 24.00 , kg, 6.00, 0.25KG, 1
beef lasagne  250g, 8.00 , kg, 2.00, 0.25KG, 1
vanilla pouring custard 600g, 0.37 , kg, 2.20, 0.6KG, 1
greek style yoghurt 500g, 7.0, kg, 3.52, 0.5KG, 1
philadelphia cream cheese block 250g, 17.32 , kg, 4.33, 0.25KG, 1
bambini bocconchini 220g, 22.68 , kg, 4.99, 0.22KG, 1
ham and cheese tortellini 625g, 9.6, kg, 6.00, 0.625KG, 1
italian tomato onion and garlic pasta sauce 425g, 14.1, kg, 6.00, 0.425KG, 1
barn laid x large eggs 12 pack 700g, 7.4, kg, 5.20, 0.7KG, 1
lactose free cheese block 250g, 22.44 , kg, 5.61, 0.25KG, 1
shredded lactose free cheese 250g, 22.44 , kg, 5.61, 0.25KG, 1
lactose free plain yoghurt 4 pack 140g, 10.5, kg, 5.89, 0.14KG, 1
on the go tasty cheese and water crackers 120g, 57.75 , kg, 6.93, 0.12KG, 1
parmesan cheese block 250g, 28.96 , kg, 7.24, 0.25KG, 1
cage x large eggs 15 pack 975g, 6.9, kg, 6.75, 0.975KG, 1
vanilla custard 6 pack 150g, 7.6, kg, 6.88, 0.15KG, 1
smarter white milk 1l, 1.99 , kg, 1.99, smarter white milk 1l, 1
kids vanilla yoghurt 70g, 21.3, kg, 1.49, 0.07KG, 1
4 cheese melt blend 450g, 16.84 , kg, 8.42, 0.45KG, 1
coco quench coconut milk 1l, 3.84 , kg, 3.84, coco quench coconut milk 1l, 1
hi protein firm tofu 350g, 11.9, kg, 4.18, 0.35KG, 1
organic free range large eggs 6 pack 300g, 15.0, kg, 4.50, 0.3KG, 1
free range large eggs 18 pack 900g, 9.9, kg, 8.90, 0.9KG, 1
cheese wedges 128g, 28.83 , kg, 3.69, 0.128KG, 1
lemon creme yoghurt low fat 4 pack 150g, 9.7, kg, 5.82, 0.15KG, 1
passionfruit yoghurt low fat 4 pack 150g, 9.7, kg, 5.82, 0.15KG, 1
french vanilla yoghurt low fat 4 pack 150g, 9.7, kg, 5.82, 0.15KG, 1
passionfruit yoghurt low fat 900g, 7.5, kg, 6.77, 0.9KG, 1
so milky soy milk regular carton 1l, 2.00 , kg, 2.00, so milky soy milk regular carton 1l, 1
continental unsalted butter pat 250g, 9.2, kg, 2.30, 0.25KG, 1
chef's choice unsalted butter 500g, 8.0, kg, 4.00, 0.5KG, 1
choc-a-lot dessert 12 pack 100g, 6.4, kg, 7.65, 0.1KG, 1
le rice apple and cinnamon 2 pack 150g, 11.7, kg, 3.51, 0.15KG, 1
vanilla yoghurt 6 pack 175g, 4.8, kg, 5.00, 0.175KG, 1
lite long life milk 1l, 2.75 , kg, 2.75, lite long life milk 1l, 1
stringers cheddar cheese sticks 8 pack 160g, 34.38 , kg, 5.50, 0.16KG, 1
tasty cheese block, 14.51 , kg, 14.51, 1kg, 1
natural tasty cheese slices 25% reduced fat 30 pack 500g, 21.32 , kg, 10.66, 0.5KG, 1
olive grove mix dip 200g, 20.6, kg, 4.12, 0.2KG, 1
skinny tzatziki dip 200g, 20.6, kg, 4.12, 0.2KG, 1
avocado dip with lemon and sea salt 200g, 20.6, kg, 4.12, 0.2KG, 1
tzatziki dip 200g, 21.5, kg, 4.29, 0.2KG, 1
traditional pumpkin hommus dip 200g, 21.4, kg, 4.28, 0.2KG, 1
raspberry yoghurt 170g, 14.6, kg, 2.48, 0.17KG, 1
pro-b fermented milk drink 5 pack 61ml, 9.32 , kg, 2.89, 0.061L, 1
avocado dip mini tub 3 pack 180g, 15.9, kg, 2.86, 0.18KG, 1
instant skim milk powder, 5.7, kg, 5.69, 1kg, 1
sun dried tomato dip 200g, 14.3, kg, 2.86, 0.2KG, 1
strawberry yoghurt, 3.6, kg, 3.60, 1kg, 1
australian shredded pizza cheese 250g, 17.60 , kg, 4.40, 0.25KG, 1
australian tasty cheese slices 250g, 18.5, kg, 4.62, 0.25KG, 1
pizza blend shredded cheese 700g, 11.43 , kg, 8.00, 0.7KG, 1
australian colby cheese block, 9.00 , kg, 9.00, 1kg, 1
ricotta cheese  125g, 8.90 , kg, 1.11, 0.125KG, 1
sliced lite swiss jarlsberg  100g, 22.00 , kg, 2.20, 0.1KG, 1
danish fetta  325g, 15.00 , kg, 4.88, 0.325KG, 1
swiss jarlsberg  100g, 22.00 , kg, 2.20, 0.1KG, 1
heart active milk carton 1l, 2.90 , kg, 2.90, heart active milk carton 1l, 1
shape no fat high calcium milk 2l, 2.50 , kg, 5.00, shape no fat high calcium milk 2l, 1
pouring vanilla custard, 4.7, kg, 4.73, 1kg, 1
creamed cottage cheese 500g, 11.22 , kg, 5.61, 0.5KG, 1
thick n creamy caramelised fig yoghurt 150g, 15.3, kg, 2.30, 0.15KG, 1
thick n creamy mango passionfruit yoghurt 600g, 10.1, kg, 6.04, 0.6KG, 1
thick n creamy strawberry yoghurt 600g, 10.1, kg, 6.04, 0.6KG, 1
greek raspberry and white chocolate yoghurt 4 pack 125g, 9.2, kg, 4.60, 0.125KG, 1
milk flavoured espresso 2l, 2.00 , kg, 4.00, milk flavoured espresso 2l, 1
light spread 500g, 11.0, kg, 5.50, 0.5KG, 1
3d strawberry flavoured milk 6 pack 1.5l, 1.83 , kg, 2.74, 3d strawberry flavoured milk 6 pack 1.5l, 1
smoothies sberry and banana 200ml, 5.95 , kg, 3.57, 0.2L, 1
lite milk 2l, 1.50 , kg, 2.99, lite milk 2l, 1
instant full cream milk powder, 9.9, kg, 9.89, 1kg, 1
creme caramel dessert 2 pack 150g, 11.3, kg, 3.40, 0.15KG, 1
european natural yoghurt 200g, 11.0, kg, 2.20, 0.2KG, 1
squeezy vanilla bean organic yoghurt 70g, 25.0, kg, 1.75, 0.07KG, 1
colby cheese block 500g, 13.86 , kg, 6.93, 0.5KG, 1
shredded tasty cheese 500g, 15.18 , kg, 7.59, 0.5KG, 1
tasty cheese block 500g, 13.86 , kg, 6.93, 0.5KG, 1
greek style natural yoghurt, 7.7, kg, 7.69, 1kg, 1
creamy vanilla yoghurt low fat, 7.5, kg, 7.47, 1kg, 1
greek style sweet and creamy yoghurt, 7.1, kg, 7.14, 1kg, 1
pure yoghourt with blueberry 200g, 10.0, kg, 2.00, 0.2KG, 1
pure yoghourt with passonfruit 200g, 10.0, kg, 2.00, 0.2KG, 1
double brie 200g, 66.00 , kg, 13.20, 0.2KG, 1
philadelphia extra light cream cheese tub 220g, 19.68 , kg, 4.33, 0.22KG, 1
philadelphia sweet chilli pourover dip 250g, 17.6, kg, 4.39, 0.25KG, 1
cannelloni with ricotta and spinach 350g, 18.9, kg, 6.60, 0.35KG, 1
on the go lite tasty cheese and crackers 120g, 57.75 , kg, 6.93, 0.12KG, 1
shredded extra sharp parmesan cheese 250g, 19.96 , kg, 4.99, 0.25KG, 1
classic smooth hommus 220g, 20.0, kg, 4.39, 0.22KG, 1
cage x large eggs 6 pack 350g, 8.3, kg, 2.90, 0.35KG, 1
cage large eggs 12 pack 600g, 8.0, kg, 4.80, 0.6KG, 1
cage x large eggs 12 pack 800g, 6.5, kg, 5.20, 0.8KG, 1
natural living free range large eggs 12 pack 600g, 10.3, kg, 6.20, 0.6KG, 1
natural living free range large eggs 6 pack 330g, 11.5, kg, 3.80, 0.33KG, 1
mozzarella cheese pear 500g, 16.48 , kg, 8.24, 0.5KG, 1
zymil light thickened cream 300ml, 0.99 , kg, 2.97, 0.3L, 1
dollop double thick cream 160ml, 0.89 , kg, 2.86, 0.16L, 1
milk lactose free no fat 1l, 2.85 , kg, 2.85, milk lactose free no fat 1l, 1
spicy thai tofu 200g, 23.1, kg, 4.62, 0.2KG, 1
cage x large eggs 12 pack 700g, 7.1, kg, 4.95, 0.7KG, 1
silken firm tofu 300g, 10.6, kg, 3.19, 0.3KG, 1
original margarine 500g, 4.5, kg, 2.26, 0.5KG, 1
vegetarian free range x large eggs 12 pack 700g, 9.1, kg, 6.40, 0.7KG, 1
so milky regular long life soy milk 1l, 2.52 , kg, 2.52, so milky regular long life soy milk 1l, 1
mixed favourites yoghurt 12 pack 1., 6.2, kg, 7.47, mixed favourites yoghurt 12 pack 1.2kg, 1
hummous dip 350g, 22.0, kg, 7.70, 0.35KG, 1
eggplant and hummous dip 200g, 33.0, kg, 6.60, 0.2KG, 1
double thick cream 300ml, 2.00 , kg, 6.00, 0.3L, 1
persian fetta 250g, 39.40 , kg, 9.85, 0.25KG, 1
bbq sausages 250g, 26.4, kg, 6.60, 0.25KG, 1
blueberry and maple gourmet low fat yoghurt 560g, 9.8, kg, 5.49, 0.56KG, 1
black plum and fig yoghurt 560g, 9.8, kg, 5.49, 0.56KG, 1
chunky pesto mozzarella and cashew dip 150g, 33.0, kg, 4.95, 0.15KG, 1
spinach and ricotta agnolotti 350g, 15.3, kg, 5.35, 0.35KG, 1
fresh mixed fettuccine 375g, 10.5, kg, 3.95, 0.375KG, 1
vegie delights bacon style rashers 145g, 35.7, kg, 5.17, 0.145KG, 1
vegie delights soy bbq sausages 300g, 25.7, kg, 7.70, 0.3KG, 1
vegie delights hot dogs sausages 300g, 25.7, kg, 7.70, 0.3KG, 1
vegie delights vegie sausages 300g, 25.7, kg, 7.70, 0.3KG, 1
almond milk chilled 1l, 3.60 , kg, 3.60, almond milk chilled 1l, 1
salad dip 200g, 22.0, kg, 4.40, 0.2KG, 1
eggplant and shallots dip 200g, 22.0, kg, 4.40, 0.2KG, 1
red leicester cheddar 200g, 35.75 , kg, 7.15, 0.2KG, 1
d'lite mango lovers combo yoghurt 6 pack 200g, 6.1, kg, 7.26, 0.2KG, 1
apricot and almond cream cheese 200g, 22.55 , kg, 4.51, 0.2KG, 1
spring onion and chive cream cheese 200g, 22.55 , kg, 4.51, 0.2KG, 1
malaysian satay tofu 200g, 24.0, kg, 4.79, 0.2KG, 1
free range large eggs 12 pack 600g, 9.8, kg, 5.90, 0.6KG, 1
instant full cream powdered milk canned 400g, 18.0, kg, 7.21, 0.4KG, 1
solid cooking oil 500g, 6.3, kg, 3.14, 0.5KG, 1
no added sugar mango yoghurt 230g, 13.9, kg, 3.19, 0.23KG, 1
no added sugar passionfruit yoghurt 230g, 14.1, kg, 3.25, 0.23KG, 1
light greek yoghurt, 6920.0, kg, 6.92, 1kg, 1
better than cream cheese plain 227g, 20.13 , kg, 4.57, 0.227KG, 1
luscious berries yoghurt low fat 4 pack 150g, 9.7, kg, 5.82, 0.15KG, 1
luscious berries yoghurt low fat 900g, 7.5, kg, 6.77, 0.9KG, 1
apricot mango and peach yoghurt low fat 900g, 7.5, kg, 6.77, 0.9KG, 1
strawberry yoghurt low fat 160g, 12.3, kg, 1.97, 0.16KG, 1
kids lactose free strawberry yoghurt 140g, 15.4, kg, 2.15, 0.14KG, 1
banana and honey yoghurt smoothies 250ml, 1.14 , kg, 2.85, 0.25L, 1
whipped low fat raspberry yoghurt 2 pack 180g, 17.7, kg, 3.18, 0.18KG, 1
breakfast to go bircher and spiced apple yoghurt 150g, 18.3, kg, 2.74, 0.15KG, 1
breakfast to go bircher and passionfruit yoghurt 150g, 18.3, kg, 2.74, 0.15KG, 1
reduced fat soy drink light carton 1l, 2.99 , kg, 2.99, reduced fat soy drink light carton 1l, 1
soy and almond milk uht 1l, 3.62 , kg, 3.62, soy and almond milk uht 1l, 1
delish olive medley and fetta dip 200g, 21.5, kg, 4.29, 0.2KG, 1
delish peppersweets and fetta dip 200g, 21.5, kg, 4.29, 0.2KG, 1
chunky sweet chilli red dip 150g, 33.0, kg, 4.95, 0.15KG, 1
chunky roasted pumpkin with cashew and parmesan dip 150g, 33.0, kg, 4.95, 0.15KG, 1
chunky rocket with cashew and parmesan dip 150g, 33.0, kg, 4.95, 0.15KG, 1
creamy basil and feta 200g, 20.9, kg, 4.18, 0.2KG, 1
reduced salt butter pat 500g, 8.0, kg, 4.00, 0.5KG, 1
fermented milk drink light 5 pack 65ml, 12.15 , kg, 3.95, 0.065L, 1
forme tropical paradise yoghurt no fat 6 pack 175g, 4.8, kg, 5.00, 0.175KG, 1
orchard fruits yoghurt 6 pack 175g, 4.8, kg, 5.00, 0.175KG, 1
passionfruit yoghurt, 6.5, kg, 6.48, 1kg, 1
raspberry yoghurt, 6.5, kg, 6.48, 1kg, 1
petit miam strawberry yoghurt pouch 100g, 18.2, kg, 1.82, 0.1KG, 1
petit miam banana yoghurt pouch 100g, 18.2, kg, 1.82, 0.1KG, 1
petit miam blueberry yoghurt pouch 100g, 18.2, kg, 1.82, 0.1KG, 1
hommus premium dip 500g, 13.2, kg, 6.60, 0.5KG, 1
sesame falafel balls 225g, 26.7, kg, 6.00, 0.225KG, 1
baba ganoush dip 200g, NA, kg, N, 0.2KG, A
tuna pate 200g, 28.6, kg, 5.72, 0.2KG, 1
smoked trout mousse dip 200g, 33.0, kg, 6.60, 0.2KG, 1
toppers red pesto dip 200g, 21.5, kg, 4.29, 0.2KG, 1
singapore noodles 2 pack 400g, 4.5, kg, 1.80, 0.4KG, 1
low fat milk 2l, 2.45 , kg, 4.89, low fat milk 2l, 1
berry yoghurt 900g, 6.7, kg, 6.04, 0.9KG, 1
ready to eat blackcurrant jelly 120g, 12.8, kg, 1.54, 0.12KG, 1
ready to eat lite raspberry jelly 230g, 15.7, kg, 3.62, 0.23KG, 1
ready to eat lite mango and passionfruit jelly 230g, 15.7, kg, 3.62, 0.23KG, 1
ready to eat lite mixed berry jelly 230g, 15.7, kg, 3.62, 0.23KG, 1
ready to eat lite lemon lime jelly 230g, 15.7, kg, 3.62, 0.23KG, 1
vanilla yoghurt 200g, 15.7, kg, 3.14, 0.2KG, 1
mango and passionfruit yoghurt 200g, 15.7, kg, 3.14, 0.2KG, 1
coffee yoghurt 200g, 15.7, kg, 3.14, 0.2KG, 1
strawberry yoghurt 200g, 15.7, kg, 3.14, 0.2KG, 1
apricot yoghurt 200g, 15.7, kg, 3.14, 0.2KG, 1
forest fruits yoghurt 200g, 15.7, kg, 3.14, 0.2KG, 1
natural yoghurt 99% fat free 200g, 15.7, kg, 3.14, 0.2KG, 1
mandm's cookie dough 450g, 12.5, kg, 5.61, 0.45KG, 1
organic macadamia uht milk 1l, 4.72 , kg, 4.72, organic macadamia uht milk 1l, 1
tomato onion and basil vegie sausages 320g, 18.2, kg, 5.83, 0.32KG, 1
gluten free sausages 300g, 25.6, kg, 7.69, 0.3KG, 1
mushroom burger 300g, 25.6, kg, 7.69, 0.3KG, 1
so light 25% reduced fat vintage tasty cheese block 500g, 19.12 , kg, 9.56, 0.5KG, 1
farmer's best garlic aioli 200g, 21.5, kg, 4.29, 0.2KG, 1
guacamole dip 200g, 21.5, kg, 4.29, 0.2KG, 1
aussie varieties dip 4 corners 400g, 17.2, kg, 6.88, 0.4KG, 1
farmer's best spinach fetta dip 200g, 21.5, kg, 4.29, 0.2KG, 1
farmer's best salmon avocado dip 200g, 21.5, kg, 4.29, 0.2KG, 1
bacon and onion dip 200g, 21.5, kg, 4.29, 0.2KG, 1
sweet potato and cashews dip 200g, 21.5, kg, 4.29, 0.2KG, 1
pop up persian eggplant dip 200g, 21.4, kg, 4.28, 0.2KG, 1
deli sweet n spicy dip 200g, 21.4, kg, 4.28, 0.2KG, 1
pop up beetroot and orange zest dip 200g, 21.4, kg, 4.28, 0.2KG, 1
seasonal olive feta and fresh dill dip 200g, 21.4, kg, 4.28, 0.2KG, 1
pure spicy kidney bean hommus dip 200g, 20.3, kg, 4.06, 0.2KG, 1
deli spicy french lentils dip 200g, 21.4, kg, 4.28, 0.2KG, 1
quark 500g, 30.78 , kg, 15.39, 0.5KG, 1
dollop thick cream 200ml, 1.10 , kg, 2.20, 0.2L, 1
mighty cool banana flavoured milk 250ml, 7.40 , kg, 1.85, 0.25L, 1
mighty cool strawberry flavoured milk 250ml, 7.40 , kg, 1.85, 0.25L, 1
lite creamed cottage cheese 500g, 6.38 , kg, 3.19, 0.5KG, 1
tasty cheese block 500g, 12.00 , kg, 6.00, 0.5KG, 1
light sour cream 250g, 11.0, kg, 2.75, 0.25KG, 1
greek honey yoghurt 4 pack 125g, 9.2, kg, 4.60, 0.125KG, 1
light ricotta cheese 250g, 18.48 , kg, 4.62, 0.25KG, 1
free range jumbo eggs 12 pack 800g, 7.1, kg, 5.70, 0.8KG, 1
australian style fetta 200g, 18.95 , kg, 3.79, 0.2KG, 1
sliced swiss jarlsberg  100g, 22.00 , kg, 2.20, 0.1KG, 1
sour cream 250g, 10.8, kg, 2.70, 0.25KG, 1
grated pizza plus cheese 450g, 18.71 , kg, 8.42, 0.45KG, 1
disney movies yoghurt 12 pack 95g, 4.4, kg, 5.00, 0.095KG, 1
bocconcini 220g, 18.18 , kg, 4.00, 0.22KG, 1
lasagna sheets 375g, 7.7, kg, 2.90, 0.375KG, 1
spreadable cream cheese 250g, 11.00 , kg, 2.75, 0.25KG, 1
fresh cream 600ml, 0.68 , kg, 4.07, 0.6L, 1
fresh cream 300ml, 0.84 , kg, 2.53, 0.3L, 1
free range large eggs 10 pack 550g, 12.4, kg, 6.80, 0.55KG, 1
singles cheese slices individually wrapped 12 pack 216g, 16.81 , kg, 3.63, 0.216KG, 1
milo dessert energy snack sensation 12 pack 100g, 4.2, kg, 5.00, 0.1KG, 1
organic full cream milk 2l, 2.98 , kg, 5.95, organic full cream milk 2l, 1
block parmesan cheese 250g, 26.84 , kg, 6.71, 0.25KG, 1
cage free large eggs 18 pack 900g, 8.4, kg, 7.60, 0.9KG, 1
avocado dip 200g, 14.3, kg, 2.86, 0.2KG, 1
light tasty cheese slices 24 pack 500g, 14.00 , kg, 7.00, 0.5KG, 1
organic full cream milk carton 1l, 2.18 , kg, 2.18, organic full cream milk carton 1l, 1
reduced salt butter pat 250g, 5.6, kg, 1.39, 0.25KG, 1
olive oil spread tub 500g, 5.0, kg, 2.50, 0.5KG, 1
grated parmesan cheese bag 100g, 17.00 , kg, 1.70, 0.1KG, 1
regular spread 500g, 3.1, kg, 1.54, 0.5KG, 1
light tasty cheese block 500g, 12.00 , kg, 6.00, 0.5KG, 1
shaved parmesan cheese 250g, 19.96 , kg, 4.99, 0.25KG, 1
chocolate flavoured milk 2l, 2.00 , kg, 4.00, chocolate flavoured milk 2l, 1
forme classic yoghurt no fat 6 pack 175g, 4.8, kg, 5.00, 0.175KG, 1
hommus middle eastern classic dip 200g, NA, kg, N, 0.2KG, A
vanilla yoghurt low fat 4 pack 125g, 6.0, kg, 3.00, 0.125KG, 1
field berries yoghurt low fat 4 pack 125g, 6.0, kg, 3.00, 0.125KG, 1
camembert 125g, 35.12 , kg, 4.39, 0.125KG, 1
grated tasty cheese 500g, 17.58 , kg, 8.79, 0.5KG, 1
natural tasty cheese slices 15 pack 250g, 25.04 , kg, 6.26, 0.25KG, 1
mini babybel 100g, 46.20 , kg, 4.62, 0.1KG, 1
skinny hommus dip 200g, 20.6, kg, 4.12, 0.2KG, 1
french onion dip 200g, 14.3, kg, 2.86, 0.2KG, 1
squeeze banana yoghurt pouch 70g, 15.7, kg, 1.10, 0.07KG, 1
squeeze vanilla yoghurt pouch 70g, 15.7, kg, 1.10, 0.07KG, 1
squeeze strawberry yoghurt pouch 70g, 15.7, kg, 1.10, 0.07KG, 1
lite milk bottle 1l, 1.25 , kg, 1.25, lite milk bottle 1l, 1
shape no fat high calcium milk 1l, 2.85 , kg, 2.85, shape no fat high calcium milk 1l, 1
lite white reduced fat milk 3l, 2.00 , kg, 5.99, lite white reduced fat milk 3l, 1
soft butter blend tub 500g, 11.0, kg, 5.50, 0.5KG, 1
greek style natural yoghurt 200g, 11.9, kg, 2.37, 0.2KG, 1
garlic bread 400g, 10.0, kg, 4.00, 0.4KG, 1
classic cheddar cheese 235g, 14.89 , kg, 3.50, 0.235KG, 1
vanilla cr&egrave;me yoghurt 2 pack 175g, 11.3, kg, 3.95, 0.175KG, 1
kids vanilla yoghurt pouch 140g, 14.9, kg, 2.09, 0.14KG, 1
rice milk carton 1l, 2.99 , kg, 2.99, rice milk carton 1l, 1
traditional spreadable butter blend 375g, 10.7, kg, 4.00, 0.375KG, 1
tasty cheese block 250g, 23.20 , kg, 5.80, 0.25KG, 1
butter pat 500g, 5.9, kg, 2.97, 0.5KG, 1
garlic bread twin pack 450g, 5.6, kg, 2.53, 0.45KG, 1
light tasty cheese slices 12 pack 250g, 23.40 , kg, 5.85, 0.25KG, 1
colby cheese block, 12.93 , kg, 12.93, 1kg, 1
pro activ margarine tub 500g, 14.0, kg, 7.00, 0.5KG, 1
singles cheese slices individually wrapped 24 pack 432g, 16.44 , kg, 7.10, 0.432KG, 1
natural living free range x large eggs 12 pack 700g, 9.6, kg, 6.70, 0.7KG, 1
chunky basil with cashew and parmesan dip 150g, 33.0, kg, 4.95, 0.15KG, 1
le rice classic vanilla 2 pack 150g, 11.7, kg, 3.51, 0.15KG, 1
thickened cream 600ml, 0.70 , kg, 4.18, 0.6L, 1
garlic bread 225g, 9.2, kg, 2.08, 0.225KG, 1
tasty cheese block 250g, 16.00 , kg, 4.00, 0.25KG, 1
extra tasty cheese block 250g, 21.80 , kg, 5.45, 0.25KG, 1
lite white milk 1l, 2.85 , kg, 2.85, lite white milk 1l, 1
hokkien noodles 450g, 6.5, kg, 2.92, 0.45KG, 1
cherry bocconcini 220g, 22.68 , kg, 4.99, 0.22KG, 1
cyprus style haloumi 180g, 42.78 , kg, 7.70, 0.18KG, 1
spreadable butter light tub 250g, 23.8, kg, 5.94, 0.25KG, 1
kids banana yoghurt pouch 140g, 14.9, kg, 2.09, 0.14KG, 1
strawberry yoghurt, 6.5, kg, 6.48, 1kg, 1
forme french vanilla yoghurt no fat, 6.5, kg, 6.48, 1kg, 1
tasty cheese sticks 8 pack 160g, 34.31 , kg, 5.49, 0.16KG, 1
tasty cheese block 500g, 18.38 , kg, 9.19, 0.5KG, 1
so light natural cheese slices 50% reduced fat 12 pack 250g, 25.04 , kg, 6.26, 0.25KG, 1
wrapped camembert 125g, 24.00 , kg, 3.00, 0.125KG, 1
vanilla custard 600g, 3.7, kg, 2.20, 0.6KG, 1
light sour cream 500g, 4.8, kg, 2.42, 0.5KG, 1
thick n creamy yellow box honey yoghurt 150g, 15.3, kg, 2.30, 0.15KG, 1
thick n creamy strawberry yoghurt 150g, 15.3, kg, 2.30, 0.15KG, 1
greek strawberry yoghurt 4 pack 125g, 9.2, kg, 4.60, 0.125KG, 1
cage x large eggs 30 pack 1.75kg, 6.0, kg, 10.50, cage x large eggs 30 pack 1.75kg, 1
greek style natural yoghurt 500g, 9.0, kg, 4.50, 0.5KG, 1
original margarine tub 500g, 6.0, kg, 3.00, 0.5KG, 1
pro activ light margarine less 50% tub 500g, 14.0, kg, 7.00, 0.5KG, 1
sunflower margarine light tub 500g, 6.0, kg, 3.00, 0.5KG, 1
organic strawberry yoghurt mini pouch 70g, 22.0, kg, 1.54, 0.07KG, 1
creamy vanilla yoghurt, 7.5, kg, 7.47, 1kg, 1
french onion dip 185g, 14.9, kg, 2.75, 0.185KG, 1
beef ravioli 625g, 9.6, kg, 6.00, 0.625KG, 1
barn laid cage free large eggs 12 pack 600g, 8.2, kg, 4.90, 0.6KG, 1
smarter white milk 2l, 1.70 , kg, 3.39, smarter white milk 2l, 1
kids tropical yoghurt pouch 140g, 14.9, kg, 2.09, 0.14KG, 1
so milky soy milk lite carton 1l, 2.00 , kg, 2.00, so milky soy milk lite carton 1l, 1
classic yoghurt 6 pack 175g, 4.8, kg, 5.00, 0.175KG, 1
no fat milk 2l, 2.50 , kg, 4.99, no fat milk 2l, 1
reduced fat milk 1l, 3.05 , kg, 3.05, reduced fat milk 1l, 1
full cream long life milk 1l, 2.75 , kg, 2.75, full cream long life milk 1l, 1
brie 115g, 38.17 , kg, 4.39, 0.115KG, 1
strong and bitey natural vintage cheese slices 500g, 20.88 , kg, 10.44, 0.5KG, 1
swiss cheese stringers 8 pack 160g, 34.38 , kg, 5.50, 0.16KG, 1
strong and bitey vintage cheese block 250g, 26.20 , kg, 6.55, 0.25KG, 1
cooking cream 300ml, 0.88 , kg, 2.64, 0.3L, 1
low fat cottage cheese 200g, 14.85 , kg, 2.97, 0.2KG, 1
blueberry yoghurt 170g, 14.6, kg, 2.48, 0.17KG, 1
greek style yoghurt 500g, 7.0, kg, 3.52, 0.5KG, 1
original butter blend 500g, 6.5, kg, 3.26, 0.5KG, 1
reduced salt butter pat 500g, 5.9, kg, 2.97, 0.5KG, 1
double cream 300ml, 1.17 , kg, 3.50, 0.3L, 1
tzatziki dip 200g, 14.3, kg, 2.86, 0.2KG, 1
olive oil light margarine spread tub 500g, 5.0, kg, 2.50, 0.5KG, 1
lite tasty cheese block 250g, 17.60 , kg, 4.40, 0.25KG, 1
haloumi 225g, 50.53 , kg, 7.58, 0.225KG, 1
aerosol cream original 250g, 16.0, kg, 4.00, 0.25KG, 1
margarine tub, 5.5, kg, 5.49, 1kg, 1
philadelphia soft cream cheese tub 250g, 17.32 , kg, 4.33, 0.25KG, 1
singles cheese slices individually wrapped 36 pack 648g, 13.06 , kg, 8.46, 0.648KG, 1
philadelphia light cream cheese tub 250g, 17.32 , kg, 4.33, 0.25KG, 1
ricotta and spinach pasta agnolotti 625g, 9.6, kg, 6.00, 0.625KG, 1
bolognaise pasta sauce 425g, 14.1, kg, 6.00, 0.425KG, 1
soft butter less salt 375g, 17.6, kg, 6.60, 0.375KG, 1
munchables tasty cheese and water crackers 120g, 61.00 , kg, 7.32, 0.12KG, 1
zymil lactose free reduced fat milk 1l, 2.70 , kg, 2.70, zymil lactose free reduced fat milk 1l, 1
smooth ricotta cheese tub 500g, 13.54 , kg, 6.77, 0.5KG, 1
regular soy drink 1l, 2.35 , kg, 2.35, regular soy drink 1l, 1
d'lite mountain berry combo yoghurt 6 pack 200g, 6.1, kg, 7.26, 0.2KG, 1
rich and fruity yoghurt low fat 12 pack 100g, 8.3, kg, 9.96, 0.1KG, 1
so milky lite long life soy milk 1l, 2.52 , kg, 2.52, so milky lite long life soy milk 1l, 1
forme berry harvest yoghurt no fat 6 pack 175g, 4.8, kg, 5.00, 0.175KG, 1
full cream milk 2l, 2.45 , kg, 4.89, full cream milk 2l, 1
filo pastry 375g, 11.0, kg, 4.13, 0.375KG, 1
strong and bitey vintage cheese sticks 160g, 34.31 , kg, 5.49, 0.16KG, 1
french onion dip 200g, 21.5, kg, 4.29, 0.2KG, 1
plain yoghurt 170g, 14.6, kg, 2.48, 0.17KG, 1
mild cheddar cheese sticks 160g, 33.00 , kg, 5.28, 0.16KG, 1
shredded mozzarella 250g, 18.88 , kg, 4.72, 0.25KG, 1
butter tub 375g, 9.7, kg, 3.62, 0.375KG, 1
greek fetta  125g, 29.70 , kg, 3.71, 0.125KG, 1
reduced fat fetta 200g, 21.40 , kg, 4.28, 0.2KG, 1
light hommus dip 200g, 14.3, kg, 2.86, 0.2KG, 1
tasty cheddar cheese block, 7.15 , kg, 7.15, 1kg, 1
grated tasty cheese 250g, 25.76 , kg, 6.44, 0.25KG, 1
extra sharp vintage cheddar cheese block 250g, 26.36 , kg, 6.59, 0.25KG, 1
creamed cottage cheese 250g, 14.08 , kg, 3.52, 0.25KG, 1
thick n creamy mango passionfruit yoghurt 150g, 15.3, kg, 2.30, 0.15KG, 1
thick n creamy vanilla yoghurt 600g, 10.1, kg, 6.04, 0.6KG, 1
salt reduced soft butter blend tub 500g, 11.0, kg, 5.50, 0.5KG, 1
3d chocolate flavoured milk 6 pack 1.5l, 1.83 , kg, 2.74, 3d chocolate flavoured milk 6 pack 1.5l, 1
hokkien noodles 800g, 4.9, kg, 3.93, 0.8KG, 1
twist smooth and creamy yoghurt 720g, 10.7, kg, 7.69, 0.72KG, 1
twist mango and blood orange yoghurt 720g, 10.7, kg, 7.69, 0.72KG, 1
greek style natural yoghurt, 5.9, kg, 11.83, greek style natural yoghurt 2kg, 1
organic biodynamic whole milk yoghurt, 8.2, kg, 8.20, 1kg, 1
pure yoghourt with raspberry 200g, 10.0, kg, 2.00, 0.2KG, 1
lite cheese slices 10 pack 150g, 45.47 , kg, 6.82, 0.15KG, 1
kids mini cheese and vegetable ravioli 200g, 20.9, kg, 4.18, 0.2KG, 1
diet berry passions yoghurt 6 pack 150g, 6.7, kg, 6.04, 0.15KG, 1
classic chocolate flavoured milk 2l, 2.83 , kg, 5.65, classic chocolate flavoured milk 2l, 1
extra virgin olive oil margarine tub 500g, 9.5, kg, 4.73, 0.5KG, 1
vanilla custard, 4.4, kg, 4.35, 1kg, 1
vanilla custard 70g, 22.9, kg, 1.60, 0.07KG, 1
grated mozzarella cheese 450g, 17.00 , kg, 7.65, 0.45KG, 1
beef lasagne, 7.7, kg, 15.40, beef lasagne 2kg, 1
d'lite vanilla creme yoghurt, 5.8, kg, 5.82, 1kg, 1
cage free x large eggs 12 pack 700g, 8.3, kg, 5.80, 0.7KG, 1
cottage cheese 500g, 12.74 , kg, 6.37, 0.5KG, 1
extra light sour cream 250g, 10.4, kg, 2.59, 0.25KG, 1
unsalted butter pat 250g, 9.2, kg, 2.30, 0.25KG, 1
mango yoghurt, 6.5, kg, 6.48, 1kg, 1
full cream milk 1l, 3.09 , kg, 3.09, full cream milk 1l, 1
strong and bitey natural vintage cheese slices 250g, 25.04 , kg, 6.26, 0.25KG, 1
spring onion dip 200g, 20.6, kg, 4.12, 0.2KG, 1
caramelised onion hommus 200g, 21.5, kg, 4.29, 0.2KG, 1
blue cheese 150g, 51.33 , kg, 7.70, 0.15KG, 1
passionfruit yoghurt non fat 170g, 14.6, kg, 2.48, 0.17KG, 1
plain yoghurt non fat 907g, 7.6, kg, 6.92, 0.907KG, 1
extra tasty cheese block 250g, 17.60 , kg, 4.40, 0.25KG, 1
hommus dip mini tub 3 pack 180g, 15.9, kg, 2.86, 0.18KG, 1
tasty cheese block 500g, 14.30 , kg, 7.15, 0.5KG, 1
chocolate flavoured milk 2l, 1.90 , kg, 3.80, chocolate flavoured milk 2l, 1
australian shredded mozzarella 700g, 12.57 , kg, 8.80, 0.7KG, 1
buttermilk 600ml, 4.48 , kg, 2.69, 0.6L, 1
thick n creamy raspberry coconut yoghurt 150g, 15.3, kg, 2.30, 0.15KG, 1
dondoni greek fetta 200g, 45.05 , kg, 9.01, 0.2KG, 1
freshly laid cage x large eggs 12 pack 700g, 6.4, kg, 4.50, 0.7KG, 1
regular greek yoghurt 4 pack 640g, 8.6, kg, 5.49, 0.64KG, 1
greek yoghurt with honey 950g, 5.3, kg, 5.00, 0.95KG, 1
light greek style natural yoghurt 640g, 8.6, kg, 5.49, 0.64KG, 1
vanilla cream dessert pack 150g, 11.0, kg, 3.29, 0.15KG, 1
twist blueberry yoghurt 720g, 10.7, kg, 7.69, 0.72KG, 1
strawberry yoghurt 500g, 9.7, kg, 4.83, 0.5KG, 1
fat free natural yoghurt 500g, 9.7, kg, 4.83, 0.5KG, 1
swiss cheese slices 150g, 45.47 , kg, 6.82, 0.15KG, 1
lite philadelphia cream for cooking 250ml, 1.32 , kg, 3.30, 0.25L, 1
mixed berry yoghurt smoothies 250ml, 2.85 , kg, 2.85, 0.25L, 1
vanilla and mango yoghurt smoothies 250ml, 1.14 , kg, 2.85, 0.25L, 1
yoghurt mandarin 4 pack 600g, 0.97 , kg, 5.82, 0.6KG, 1
whipped low fat lemon yoghurt 180g, 17.7, kg, 3.18, 0.18KG, 1
chick'n style slices 100g, 52.7, kg, 5.27, 0.1KG, 1
havarti 200g, 27.45 , kg, 5.49, 0.2KG, 1
chocolate soy milky 1l, 2.00 , kg, 2.00, chocolate soy milky 1l, 1
iced coffee soy milky 1l, 2.00 , kg, 2.00, iced coffee soy milky 1l, 1
reggiano cheese 250g, 69.76 , kg, 17.44, 0.25KG, 1
chunky chilli red with cashew and parmesan dip 150g, 33.0, kg, 4.95, 0.15KG, 1
chunky dips coriander and sweet chilli 150g, 33.0, kg, 4.95, 0.15KG, 1
avocado with lime and sea salt 200g, 20.9, kg, 4.18, 0.2KG, 1
spinach chives and zesty lemon 175g, 31.4, kg, 5.49, 0.175KG, 1
butter portions 400g, 14.3, kg, 5.71, 0.4KG, 1
caramel dipping sauce 130g, 2.50 , kg, 2.50, 0.13KG, 1
white chocolate dipping sauce 130g, 2.50 , kg, 2.50, 0.13KG, 1
chocolate dipping sauce 130g, 19.2, kg, 2.50, 0.13KG, 1
chocolate with mini mandms dessert 150g, 18.3, kg, 2.74, 0.15KG, 1
mix dairy dessert chocolate chip 150g, 18.3, kg, 2.74, 0.15KG, 1
hommus dip topped with basil oil and pine nuts 450g, 18.3, kg, 8.25, 0.45KG, 1
hommus dip topped with red peppers and herbs 450g, 18.3, kg, 8.25, 0.45KG, 1
passover red horseradish 375g, 20.5, kg, 7.70, 0.375KG, 1
smoked trout mousse dip 200g, 36.3, kg, 7.26, 0.2KG, 1
eggplant passover dip 200g, 21.5, kg, 4.29, 0.2KG, 1
passover dip eggplant salad 200g, 21.5, kg, 4.29, 0.2KG, 1
spinach creamed classic dip 200g, NA, kg, N, 0.2KG, A
tahini middle eastern dip 200g, NA, kg, N, 0.2KG, A
classic tomato salsa dip 200g, NA, kg, N, 0.2KG, A
eggplant shallots dip 200g, NA, kg, N, 0.2KG, A
tuna cracked pepper dip 150g, 26.4, kg, 3.96, 0.15KG, 1
tuna tomato basil dip 150g, 26.4, kg, 3.96, 0.15KG, 1
eggplant garlic dip 200g, NA, kg, N, 0.2KG, A
pesto aioli 200g, 20.4, kg, 4.07, 0.2KG, 1
dill aioli 200g, 20.4, kg, 4.07, 0.2KG, 1
chilli aioli 200g, 20.4, kg, 4.07, 0.2KG, 1
beetroot and hommus dip 200g, NA, kg, N, 0.2KG, A
macadamia and sun dried tomato dip 150g, 25.7, kg, 3.85, 0.15KG, 1
pumpkin papitas dip 150g, 25.7, kg, 3.85, 0.15KG, 1
spicy pumpkin dip gluten free 200g, NA, kg, N, 0.2KG, A
hommus dip topped with tunisian chilli 200g, 21.5, kg, 4.29, 0.2KG, 1
passover white horseradish 375g, 20.5, kg, 7.70, 0.375KG, 1
ginger sweet potato and cashew dip 200g, NA, kg, N, 0.2KG, A
toppers spicy jalapeno and roasted cumin dip 200g, 21.5, kg, 4.29, 0.2KG, 1
toppers lemon pepper and olive dip 200g, 21.5, kg, 4.29, 0.2KG, 1
hokkien noodles 2 pack 400g, 4.5, kg, 1.80, 0.4KG, 1
lasagne sheets 375g, 13.7, kg, 5.12, 0.375KG, 1
meal lasagne angus beef and a hint of red wine 350g, 18.9, kg, 6.60, 0.35KG, 1
beef ravioli 375g, 17.6, kg, 6.60, 0.375KG, 1
ricotta and spinach agnolotti 375g, 17.6, kg, 6.60, 0.375KG, 1
italian tomato and garlic pasta sauce 700g, 10.0, kg, 7.03, 0.7KG, 1
chicken tomato and basil ravioli 375g, 17.4, kg, 6.51, 0.375KG, 1
chicken risotto 350g, 18.9, kg, 6.60, 0.35KG, 1
original margarine spread, 4.7, kg, 4.70, 1kg, 1
original margarine spread 500g, 6.0, kg, 3.00, 0.5KG, 1
classic olive oil margarine tub 500g, 9.5, kg, 4.73, 0.5KG, 1
olive oil margarine lite tub 500g, 9.5, kg, 4.73, 0.5KG, 1
reduced salt margarinetub 500g, 6.0, kg, 3.00, 0.5KG, 1
garlic bread slices 9 pack 270g, 14.8, kg, 4.00, 0.27KG, 1
egg fettuccine 375g, 13.7, kg, 5.12, 0.375KG, 1
vintage cheddar cheese block 500g, 14.96 , kg, 7.48, 0.5KG, 1
full cream milk 3l, 1.00 , kg, 3.00, full cream milk 3l, 1
full cream milk 2l, 1.00 , kg, 2.00, full cream milk 2l, 1
lite reduced fat milk 2l, 1.00 , kg, 2.00, lite reduced fat milk 2l, 1
lite reduced fat milk 3l, 1.00 , kg, 3.00, lite reduced fat milk 3l, 1
cage x large eggs 12 pack 700g, 4.3, kg, 2.99, 0.7KG, 1
vanilla malt flavoured milk 300ml, 5.77 , kg, 1.73, 0.3L, 1
the max molten caramel flavoured milk 600ml, 4.63 , kg, 2.78, 0.6L, 1
the max chocolate cool mint flavoured milk 600ml, 4.63 , kg, 2.78, 0.6L, 1
roasted capsicum hommus dip 220g, 22.0, kg, 4.84, 0.22KG, 1
smooth and light classic hommus 220g, 20.0, kg, 4.39, 0.22KG, 1
sweet chilli garnished hommus 220g, 22.0, kg, 4.84, 0.22KG, 1
rich choc heavenly cheesecake 2 pack 240g, 14.9, kg, 3.58, 0.24KG, 1
natural yoghurt, 10.45 , kg, 10.45, natural yoghurt 2kg, 1
gefilte fish 840g, 34.05 , kg, 28.60, 0.84KG, 1
iced coffee flavoured milk 500ml, 6.18 , kg, 3.09, 0.5L, 1
rush ultimate chocolate flavoured low fat milk 500ml, 6.10 , kg, 3.05, 0.5L, 1
rush strong iced coffee flavoured milk 500ml, 6.10 , kg, 3.05, 0.5L, 1
rush wicked latte flavoured low fat milk 500ml, 6.10 , kg, 3.05, 0.5L, 1
chocolate custard 70g, 22.9, kg, 1.60, 0.07KG, 1
limited edition double thick choc orange custard 500g, 6.4, kg, 3.18, 0.5KG, 1
harissa dip 200g, 33.0, kg, 6.60, 0.2KG, 1
garlic dip 200g, 33.0, kg, 6.60, 0.2KG, 1
beetroot almond dip 200g, 33.0, kg, 6.60, 0.2KG, 1
moroccan baba ganoush dip 200g, 33.0, kg, 6.60, 0.2KG, 1
moroccan carrot dip 200g, 33.0, kg, 6.60, 0.2KG, 1
eggplant and capsicum dip 200g, 33.0, kg, 6.60, 0.2KG, 1
capsicum turkish salsa dip 200g, 33.0, kg, 6.60, 0.2KG, 1
organic spring lamb with red wine roasted garlic and rosemary soup 600g, 13.8, kg, 8.25, 0.6KG, 1
organic pumpkin leek and spinach risotto 500g, 18.5, kg, 9.24, 0.5KG, 1
organix potato and leek soup 600g, 13.8, kg, 8.25, 0.6KG, 1
spicy chicken soup 600g, 13.8, kg, 8.25, 0.6KG, 1
mini pizza base 12 pack 750g, 6.9, kg, 5.17, 0.75KG, 1
thick dollop cream tub 300ml, 1.19 , kg, 3.58, 0.3L, 1
fetta with bay leaves and preserved lemons 250g, 35.16 , kg, 8.79, 0.25KG, 1
pepper and herb sausages 250g, 26.4, kg, 6.60, 0.25KG, 1
sweet chilli stir fry strips 200g, 33.0, kg, 6.60, 0.2KG, 1
mince 300g, 22.0, kg, 6.60, 0.3KG, 1
fajita strips 250g, 26.4, kg, 6.60, 0.25KG, 1
spiced pear and quince gourmet low fat yoghurt 150g, 18.3, kg, 2.74, 0.15KG, 1
spiced pear and quince gourmet low fat yoghurt 560g, 9.8, kg, 5.49, 0.56KG, 1
black plum and fig yoghurt 150g, 18.3, kg, 2.74, 0.15KG, 1
spicy chipotle grilled capsicum and cashew dip 150g, 33.0, kg, 4.95, 0.15KG, 1
banana honey cinnamon smoothie 425ml, 9.39 , kg, 3.99, 0.425L, 1
dutch chocolate smoothie 425ml, 9.39 , kg, 3.99, 0.425L, 1
camembert 250g, 76.00 , kg, 19.00, 0.25KG, 1
cheese and spinach tortellini 625g, 11.8, kg, 7.35, 0.625KG, 1
beef ravioli 625g, 11.8, kg, 7.35, 0.625KG, 1
traditional egg lasagne unfilled 375g, 10.5, kg, 3.95, 0.375KG, 1
spinach and ricotta pasta agnolotti 625g, 11.8, kg, 7.35, 0.625KG, 1
beef ravioli 350g, 15.3, kg, 5.35, 0.35KG, 1
egg parpadelle 375g, 10.4, kg, 3.90, 0.375KG, 1
chicken ravioli 350g, 15.0, kg, 5.25, 0.35KG, 1
up and go chocolate energize flavoured milk 350ml, 8.43 , kg, 2.95, 0.35L, 1
up and go chocolate flavoured milk 350ml, 8.43 , kg, 2.95, 0.35L, 1
vegie delights smoked deli soy slices 170g, 31.7, kg, 5.39, 0.17KG, 1
pizza vegetable 470g, 16.4, kg, 7.69, 0.47KG, 1
salami capricciosa pizza 470g, 16.4, kg, 7.69, 0.47KG, 1
chicken and chorizo pizza 470g, 16.4, kg, 7.69, 0.47KG, 1
beetroot dip 200g, 20.9, kg, 4.18, 0.2KG, 1
falafel croquettes 170g, 29.1, kg, 4.95, 0.17KG, 1
chilli lime and ginger sauce 300g, 8.25 , kg, 8.25, 0.3KG, 1
teriyaki sauce 300g, 27.50 , kg, 8.25, 0.3KG, 1
d'lite peach and mango yoghurt reduced fat, 5.8, kg, 5.82, 1kg, 1
d'lite berry basket yoghurt reduced fat, 5.8, kg, 5.82, 1kg, 1
d'lite squeezie strawberry yoghurt 150g, 13.1, kg, 1.97, 0.15KG, 1
d'lite squeezie tropical yoghurt 150g, 13.1, kg, 1.97, 0.15KG, 1
d'lite squeezie vanilla yoghurt 150g, 13.1, kg, 1.97, 0.15KG, 1
marinated fetta 350g, 37.26 , kg, 13.04, 0.35KG, 1
blueberry yoghurt 2 pack 175g, 11.3, kg, 3.95, 0.175KG, 1
regular firm tofu 300g, 11.9, kg, 3.58, 0.3KG, 1
teriyaki soy steak 200g, 23.1, kg, 4.62, 0.2KG, 1
eggplant with mayonnaise dip 250g, 35.2, kg, 8.80, 0.25KG, 1
tahini and sesame paste dip 500g, 28.6, kg, 14.30, 0.5KG, 1
spicy eggplant dip 500g, 28.6, kg, 14.30, 0.5KG, 1
hommus dip 500g, 28.6, kg, 14.30, 0.5KG, 1
mayonnaise and red cabbage dip 500g, 28.6, kg, 14.30, 0.5KG, 1
hommus dip with hot pepper 500g, 28.6, kg, 14.30, 0.5KG, 1
wonton wrappers 250g, 14.3, kg, 3.58, 0.25KG, 1
coconut dessert tofu 280g, 11.4, kg, 3.19, 0.28KG, 1
no added sugar mixed berry yoghurt 230g, 14.1, kg, 3.25, 0.23KG, 1
greek style mixed berry yoghurt 6 pack 125g, 9.5, kg, 7.14, 0.125KG, 1
greek style honey yoghurt 230g, 12.9, kg, 2.96, 0.23KG, 1
greek style raspberry yoghurt 230g, 12.9, kg, 2.96, 0.23KG, 1
camembert 125g, 43.12 , kg, 5.39, 0.125KG, 1
camembert 250g, 48.20 , kg, 12.05, 0.25KG, 1
soft spreadable quarg cheese 250g, 18.48 , kg, 4.62, 0.25KG, 1
mild cheddar cheese slices 250g, 37.84 , kg, 9.46, 0.25KG, 1
soft spreadable quarg cheese 500g, 17.60 , kg, 8.80, 0.5KG, 1
mozzarella cheese slices 250g, 36.20 , kg, 9.05, 0.25KG, 1
mild cheddar cheese block 250g, 26.64 , kg, 6.66, 0.25KG, 1
shredded mozzarella 250g, 29.00 , kg, 7.25, 0.25KG, 1
mozzarella cheese, 23.10 , kg, 23.10, 1kg, 1
reduced fat cheddar cheese block, 23.65 , kg, 23.65, 1kg, 1
mild cheddar cheese block, 21.95 , kg, 21.95, 1kg, 1
natural yoghurt 200g, 12.6, kg, 2.52, 0.2KG, 1
mozzarella cheese 250g, 26.36 , kg, 6.59, 0.25KG, 1
shredded cheddar cheese 250g, 29.00 , kg, 7.25, 0.25KG, 1
reduced fat cheddar cheese block 250g, 28.56 , kg, 7.14, 0.25KG, 1
lite cheese wedges 128g, 28.83 , kg, 3.69, 0.128KG, 1
fetta with garlic herbs 250g, 35.16 , kg, 8.79, 0.25KG, 1
supreme sour cheese 340g, 14.56 , kg, 4.95, 0.34KG, 1
garlic butter tub 150g, 21.7, kg, 3.25, 0.15KG, 1
french vanilla yoghurt low fat 160g, 12.3, kg, 1.97, 0.16KG, 1
strawberry yoghurt low fat 900g, 7.5, kg, 6.77, 0.9KG, 1
smooth and creamy yoghurt low fat 12 pack 100g, 8.3, kg, 9.96, 0.1KG, 1
unsweetened coconut milk uht 1l, 3.00 , kg, 3.00, unsweetened coconut milk uht 1l, 1
chunky baby spinach with cashew and parmesan dip 150g, 33.0, kg, 4.95, 0.15KG, 1
traditional hommus dip, 10.8, kg, 10.78, 1kg, 1
super slim cheese slices individually wrapped 24 pack 500g, 15.40 , kg, 7.70, 0.5KG, 1
bar-b-cubes tasty cheese 500g, 18.48 , kg, 9.24, 0.5KG, 1
acidophilus natural yoghurt, 7.4, kg, 7.36, 1kg, 1
white brie 150g, 51.33 , kg, 7.70, 0.15KG, 1
coconut yoghurt 170g, 14.6, kg, 2.48, 0.17KG, 1
summer berry yoghurt 98% fat free, 3.6, kg, 3.60, 1kg, 1
colby cheese slices 12 pack 250g, 20.64 , kg, 5.16, 0.25KG, 1
iced coffee flavoured milk 2l, 1.90 , kg, 3.80, iced coffee flavoured milk 2l, 1
full cream milk carton 600ml, 1.80 , kg, 1.08, 0.6L, 1
garlic ciabatta 390g, 13.7, kg, 5.34, 0.39KG, 1
natural yoghurt 500g, 6.6, kg, 3.30, 0.5KG, 1
auricchio pecorino romano  100g, 30.00 , kg, 3.00, 0.1KG, 1
edgell hash browns, 0.50 , kg, 0.50, edgell hash browns 1 each, 1
cottage cheese 500g, 8.40 , kg, 4.20, 0.5KG, 1
tasty cheese block 250g, 23.12 , kg, 5.78, 0.25KG, 1
skim milk fat free 1l, 2.58 , kg, 2.58, skim milk fat free 1l, 1
thick n creamy yoghurt classic vanilla 150g, 15.3, kg, 2.30, 0.15KG, 1
thick and creamy raspberry and coconut yoghurt 600g, 10.4, kg, 6.26, 0.6KG, 1
strip cheese 8 pack 168g, 32.74 , kg, 5.50, 0.168KG, 1
coffee espresso flavoured milk 500ml, 6.50 , kg, 3.25, 0.5L, 1
tasty cheese block, 12.93 , kg, 12.93, 1kg, 1
colby cheese slices 200g, 25.9, kg, 5.17, 0.2KG, 1
smoothies berry mix 200ml, 5.95 , kg, 3.57, 0.2L, 1
full fat milk 3l, 1.33 , kg, 3.99, full fat milk 3l, 1
regular butter 250g, 9.2, kg, 2.31, 0.25KG, 1
moo strawberry flavoured uht milk 6 pack 1.2l, 3.78 , kg, 4.53, moo strawberry flavoured uht milk 6 pack 1.2l, 1
instant skim milk powder, 9.9, kg, 9.89, 1kg, 1
organic honey and cinnamon yoghurt 700g, 7.1, kg, 5.00, 0.7KG, 1
pro activ margarine ultra light tub 500g, 14.0, kg, 7.00, 0.5KG, 1
salt reduced sunflower margarine tub, 5.5, kg, 5.49, 1kg, 1
margarine 500g, 6.0, kg, 3.00, 0.5KG, 1
shredded light tasty cheese 500g, 15.18 , kg, 7.59, 0.5KG, 1
light tasty cheese block 500g, 13.86 , kg, 6.93, 0.5KG, 1
vanilla yoghurt 500g, 9.7, kg, 4.83, 0.5KG, 1
singles light cheese slices individually wrapped 24 pack 432g, 16.44 , kg, 7.10, 0.432KG, 1
grated parmesan cheese canister 125g, 34.24 , kg, 4.28, 0.125KG, 1
singles light cheese slices individually wrapped 12 pack 216g, 16.81 , kg, 3.63, 0.216KG, 1
philadelphia extra light cream for cooking 250ml, 1.32 , kg, 3.30, 0.25L, 1
carbonara pasta sauce 425g, 14.1, kg, 6.00, 0.425KG, 1
roast chicken and garlic ravioli 375g, 17.6, kg, 6.60, 0.375KG, 1
pumpkin leek and sage cappelletti 280g, 23.6, kg, 6.60, 0.28KG, 1
organic ricotta cheese 250g, 15.64 , kg, 3.91, 0.25KG, 1
goats fetta 180g, 46.78 , kg, 8.42, 0.18KG, 1
smooth fetta 200g, 26.15 , kg, 5.23, 0.2KG, 1
unsalted spreadable butter 250g, 23.8, kg, 5.94, 0.25KG, 1
organic butter 250g, 19.8, kg, 4.95, 0.25KG, 1
strawberry flavoured milk 2l, 2.00 , kg, 4.00, strawberry flavoured milk 2l, 1
soleil diet swiss vanilla yoghurt, 5.8, kg, 5.82, 1kg, 1
iced coffee flavoured long life milk 375ml, 5.87 , kg, 2.20, 0.375L, 1
nimbin natural cheese block 500g, 19.80 , kg, 9.90, 0.5KG, 1
ramen noodles 150g, 10.9, kg, 1.64, 0.15KG, 1
organic full cream milk carton 1l, 3.05 , kg, 3.05, organic full cream milk carton 1l, 1
smarter white milk 3l, 1.78 , kg, 5.35, smarter white milk 3l, 1
skim milk 2l, 1.58 , kg, 3.15, skim milk 2l, 1
vegetable minestrone soup 600g, 13.8, kg, 8.25, 0.6KG, 1
vegie delights gourmet rosemary sage and parsley vegie sausages 300g, 24.6, kg, 7.37, 0.3KG, 1
divine vanilla creme yoghurt, 6.5, kg, 6.49, 1kg, 1
coconut long life milk 1l, 3.95 , kg, 3.95, coconut long life milk 1l, 1
gouda cheese wedge 200g, 31.10 , kg, 6.22, 0.2KG, 1
tasmanian fetta 200g, 34.10 , kg, 6.82, 0.2KG, 1
crumbled fetta 200g, 39.35 , kg, 7.87, 0.2KG, 1
tasmanian danish fetta reduced fat 200g, 34.10 , kg, 6.82, 0.2KG, 1
canola margarine spread 500g, 4.5, kg, 2.26, 0.5KG, 1
greek style yoghurt 6 pack no added sugar 125g, 9.8, kg, 7.36, 0.125KG, 1
plain yoghurt low fat 900g, 7.5, kg, 6.77, 0.9KG, 1
haloumi 180g, 39.67 , kg, 7.14, 0.18KG, 1
sweet potato with sesame and pistachio 150g, 33.0, kg, 4.95, 0.15KG, 1
blackberry yoghurt, 6.5, kg, 6.48, 1kg, 1
dark berries yoghurt 6 pack 175g, 4.8, kg, 5.00, 0.175KG, 1
kalamata olive dip 200g, NA, kg, N, 0.2KG, A
avocado dip 200g, NA, kg, N, 0.2KG, A
thickened cream 300ml, 1.10 , kg, 3.29, 0.3L, 1
mango yoghurt 4 pack 125g, 6.0, kg, 3.00, 0.125KG, 1
ready to eat raspberry jelly 120g, 12.8, kg, 1.54, 0.12KG, 1
coconut milk yoghurt 500g, 16.5, kg, 8.25, 0.5KG, 1
cheese dippers 4 pack 140g, 32.00 , kg, 4.48, 0.14KG, 1
light olive oil spread 500g, 8.8, kg, 4.39, 0.5KG, 1
farmer's best beetroot tzatziki dip 200g, 21.5, kg, 4.29, 0.2KG, 1
breakfast naturally sweet greek yoghurt 500g, 8.8, kg, 4.39, 0.5KG, 1
creme fraiche 200g, 17.1, kg, 3.41, 0.2KG, 1
cottage cheese snack pack onion and chives 100g, 25.30 , kg, 2.53, 0.1KG, 1
squeezie yoghurt multipack 7 pack 490g, 16.3, kg, 8.00, 0.49KG, 1
mango yoghurt 170g, 14.6, kg, 2.48, 0.17KG, 1
strawberry yoghurt 170g, 14.6, kg, 2.48, 0.17KG, 1
honey yoghurt pouch 140g, 17.2, kg, 2.41, 0.14KG, 1
blueberry yoghurt pouch 140g, 17.2, kg, 2.41, 0.14KG, 1
strawberry yoghurt pouch 140g, 17.2, kg, 2.41, 0.14KG, 1
blood orange yoghurt non fat 170g, 14.6, kg, 2.48, 0.17KG, 1
raspberry yoghurt pouch 140g, 17.2, kg, 2.41, 0.14KG, 1
traditional greek style natural yoghurt, 5.7, kg, 5.71, 1kg, 1
organic full cream long life milk 1l, 2.10 , kg, 2.10, organic full cream long life milk 1l, 1
salt reduced butter blend tub 500g, 6.5, kg, 3.26, 0.5KG, 1
organic 99% fat free lite milk 1l, 2.38 , kg, 2.38, organic 99% fat free lite milk 1l, 1
cheese and bacon tear and share 360g, 12.2, kg, 4.40, 0.36KG, 1
canola spread 500g, 5.0, kg, 2.48, 0.5KG, 1
cuisine green chicken curry 350g, 25.1, kg, 8.80, 0.35KG, 1
lite spreadable cream cheese 250g, 11.96 , kg, 2.99, 0.25KG, 1
curry pot butter chicken 350g, 25.1, kg, 8.80, 0.35KG, 1
beef ravioli 625g, 8.0, kg, 5.00, 0.625KG, 1
vintage cheese slices 12 pack 250g, 20.64 , kg, 5.16, 0.25KG, 1
australian shredded light mozzarella 250g, 17.60 , kg, 4.40, 0.25KG, 1
canola margarine spread, 4.18 , kg, 4.18, 1kg, 1
leek and bacon quiche 1., 12.0, kg, 13.25, 1kg, 1
cottage cheese 200g, 13.70 , kg, 2.74, 0.2KG, 1
extra light spreadable cream cheese 250g, 12.28 , kg, 3.07, 0.25KG, 1
grated tasty cheese 500g, 16.0, kg, 8.02, 0.5KG, 1
full cream milk carton 600ml, 2.37 , kg, 1.42, 0.6L, 1
buttermilk 1l, 3.90 , kg, 3.90, buttermilk 1l, 1
cottage creamed low fat cheese 250g, 14.08 , kg, 3.52, 0.25KG, 1
greek black cherry yoghurt 4 pack 125g, 9.2, kg, 4.60, 0.125KG, 1
ultimate greek burnt fig and caramel yoghurt 500g, 9.2, kg, 4.60, 0.5KG, 1
ultimate greek natural and sweet yoghurt 850g, 7.0, kg, 5.96, 0.85KG, 1
chocolate flavoured long life milk 1l, 2.96 , kg, 2.96, chocolate flavoured long life milk 1l, 1
3d iced coffee flavoured long life milk 6 pack 250ml, 1.83 , kg, 2.74, 0.25L, 1
light n tasty cheddar cheese block 25% reduced fat, 12.93 , kg, 12.93, 1kg, 1
milk moo uht chocolate 6 pack, 3.78 , kg, 4.53, milk moo uht chocolate 6 pack, 1
barn laid x large eggs 12 pack 700g, 8.3, kg, 5.80, 0.7KG, 1
free range mega jumbo eggs 10 pack 700g, 7.9, kg, 5.50, 0.7KG, 1
squeezy blueberry organic yoghurt 70g, 25.0, kg, 1.75, 0.07KG, 1
organic greek yoghurt 700g, 7.1, kg, 5.00, 0.7KG, 1
salt reduced sunflower margarine tub 500g, 6.0, kg, 3.00, 0.5KG, 1
chocolate custard snak pack 4 pack 140g, 7.9, kg, 4.40, 0.14KG, 1
banana custard snack pack 4 pack 140g, 7.9, kg, 4.40, 0.14KG, 1
twist mango and passionfruit yoghurt 720g, 10.7, kg, 7.69, 0.72KG, 1
twist watermelon strawberry yoghurt 160g, 18.9, kg, 3.03, 0.16KG, 1
extra tasty cheese block 500g, 13.86 , kg, 6.93, 0.5KG, 1
shredded colby cheese 500g, 15.82 , kg, 7.91, 0.5KG, 1
chilli cheddar cheese block 150g, 47.67 , kg, 7.15, 0.15KG, 1
organic udon noodles 270g, 13.9, kg, 3.74, 0.27KG, 1
organic butter pat 250g, 30.6, kg, 7.65, 0.25KG, 1
organic spreadable butter tub 250g, 29.3, kg, 7.32, 0.25KG, 1
singles light cheese slices individually wrapped 36 pack 648g, 13.06 , kg, 8.46, 0.648KG, 1
philadelphia light cream cheese block 250g, 17.32 , kg, 4.33, 0.25KG, 1
philadelphia cream cheese block 2 pack 500g, 17.14 , kg, 8.57, 0.5KG, 1
herb bread 400g, 10.0, kg, 4.00, 0.4KG, 1
creamy carbonara pasta sauce 700g, 10.0, kg, 7.03, 0.7KG, 1
creamy sundried tomato pasta sauce 425g, 14.1, kg, 6.00, 0.425KG, 1
spinach and ricotta tortellini 625g, 9.6, kg, 6.00, 0.625KG, 1
roast chicken and garlic ravioli 625g, 9.6, kg, 6.00, 0.625KG, 1
pumpkin and fetta agnolotti 625g, 9.6, kg, 6.00, 0.625KG, 1
longlife lactose free lite cream 250ml, 0.74 , kg, 1.86, 0.25L, 1
unsalted butter pat 250g, 23.3, kg, 5.83, 0.25KG, 1
slightly salted butter pat 250g, 23.3, kg, 5.83, 0.25KG, 1
light cheddar cheese with rice crackers 100g, 73.20 , kg, 7.32, 0.1KG, 1
on the go tasty cheese and crackers 50g, 65.00 , kg, 3.25, 0.05KG, 1
ploughmans cheddar cheese 235g, 14.89 , kg, 3.50, 0.235KG, 1
shredded parmesan cheese 250g, 19.96 , kg, 4.99, 0.25KG, 1
diet chocolate mousse 2 pack 62g, 24.4, kg, 3.03, 0.062KG, 1
split pot kit kat dessert 119g, 25.5, kg, 3.03, 0.119KG, 1
pizza base 12 pack 700g, 6.8, kg, 4.78, 0.7KG, 1
olive spread 500g, 8.8, kg, 4.39, 0.5KG, 1
milk flavoured vanilla malt 600ml, 4.63 , kg, 2.78, 0.6L, 1
savoury garlic hommus dip 220g, 22.0, kg, 4.84, 0.22KG, 1
light smooth ricotta cheese 375g, 15.01 , kg, 5.63, 0.375KG, 1
organic low fat milk 2l, 2.99 , kg, 5.98, organic low fat milk 2l, 1
double thick vanilla custard 900g, 5.7, kg, 5.17, 0.9KG, 1
zymil lactose free full cream milk 1l, 2.70 , kg, 2.70, zymil lactose free full cream milk 1l, 1
vanilla custard 600g, 5.1, kg, 3.08, 0.6KG, 1
premium vanilla custard 500g, 10.3, kg, 5.16, 0.5KG, 1
banana custard pouch 70g, 21.3, kg, 1.49, 0.07KG, 1
perfect bakes 450g, 18.7, kg, 8.42, 0.45KG, 1
organic malt free long life soy drink 1l, 2.96 , kg, 2.96, organic malt free long life soy drink 1l, 1
capsicum and basil dip 150g, 33.7, kg, 5.05, 0.15KG, 1
hommus dip 200g, 22.0, kg, 4.40, 0.2KG, 1
havarti wedge 200g, 31.10 , kg, 6.22, 0.2KG, 1
greek fetta reduced fat 200g, 36.30 , kg, 7.26, 0.2KG, 1
roast onion chive and vintage cheddar trilogy 140g, 47.14 , kg, 6.60, 0.14KG, 1
japanese teriyaki tofu 200g, 24.0, kg, 4.79, 0.2KG, 1
cage free large eggs 6 pack 300g, 10.7, kg, 3.20, 0.3KG, 1
firm tofu 300g, 10.6, kg, 3.19, 0.3KG, 1
lactose free strawberry yoghurt 2 pack 175g, 11.6, kg, 4.07, 0.175KG, 1
my first pear yoghurt pouch 70g, 23.6, kg, 1.65, 0.07KG, 1
my first vanilla and banana yoghurt 6 pack 90g, 9.4, kg, 5.05, 0.09KG, 1
delish spinach and fetta dip 200g, 21.5, kg, 4.29, 0.2KG, 1
chunky red capsicum with fetta and cashew dip 150g, 33.0, kg, 4.95, 0.15KG, 1
grana padano cheese 250g, 42.64 , kg, 10.66, 0.25KG, 1
cottage cheese 250g, 16.96 , kg, 4.24, 0.25KG, 1
reduced salt butter pat 250g, 9.2, kg, 2.30, 0.25KG, 1
soft 'n less salt spreadable salt reduced butter blend 500g, 10.0, kg, 5.00, 0.5KG, 1
classic yoghurt 12 pack 100g, 7.3, kg, 8.79, 0.1KG, 1
yoplus yoghurt, 6.5, kg, 6.48, 1kg, 1
forme strawberry yoghurt no fat, 6.5, kg, 6.48, 1kg, 1
forme peach mango yoghurt no fat, 6.5, kg, 6.48, 1kg, 1
berry punnet yoghurt 1200g, 7.3, kg, 8.79, 1.2KG, 1
plain falafel balls 225g, 27.2, kg, 6.11, 0.225KG, 1
classic creamed beetroot dip 200g, NA, kg, N, 0.2KG, A
strawberry yoghurt low fat 4 pack 125g, 6.0, kg, 3.00, 0.125KG, 1
ready to eat orange jelly 120g, 12.8, kg, 1.54, 0.12KG, 1
ready to eat strawberry jelly 120g, 12.8, kg, 1.54, 0.12KG, 1
unsalted butter pat 250g, 15.4, kg, 3.85, 0.25KG, 1
butter pat 250g, 14.8, kg, 3.69, 0.25KG, 1
chocolate chip cookie dough 450g, 12.5, kg, 5.61, 0.45KG, 1
easy melt colby cheese block 250g, 22.00 , kg, 5.50, 0.25KG, 1
mini light babybel 100g, 46.20 , kg, 4.62, 0.1KG, 1
mini plain cheese cubes 125g, 37.0, kg, 4.62, 0.125KG, 1
skinny spicy capsicum dip 200g, 21.5, kg, 4.29, 0.2KG, 1
farmer's best caramelised onion dip 200g, 21.5, kg, 4.29, 0.2KG, 1
pine nut hummus dip 200g, 27.5, kg, 5.50, 0.2KG, 1
olive hummus dip 200g, 27.5, kg, 5.50, 0.2KG, 1
sweet potato soup 560ml, 1.28 , kg, 7.15, 0.56L, 1
thai pumpkin soup 560ml, 1.28 , kg, 7.15, 0.56L, 1
mozzarella 290g, 24.14 , kg, 7.00, 0.29KG, 1
mild cheese slices 200g, 25.9, kg, 5.17, 0.2KG, 1
mild cheddar block, 12.93 , kg, 12.93, 1kg, 1
unsalted pat butter 250g, 9.2, kg, 2.31, 0.25KG, 1
saganaki 200g, 63.20 , kg, 12.64, 0.2KG, 1
vegetarian chickpea and sunflower seed burger 500g, 12.8, kg, 6.38, 0.5KG, 1
free range large eggs 6 pack 330g, 14.2, kg, 4.70, 0.33KG, 1
organic honey and cinnamon yoghurt 170g, 15.9, kg, 2.70, 0.17KG, 1
organic natural whole milk baby yoghurt 170g, 15.9, kg, 2.70, 0.17KG, 1
chia organics honey and raspberry yoghurt 170g, 18.7, kg, 3.18, 0.17KG, 1
organic low fat blueberry yoghurt 700g, 7.1, kg, 5.00, 0.7KG, 1
chia organics vanilla and honey yoghurt 170g, 18.7, kg, 3.18, 0.17KG, 1
organic coffee bean yoghurt 700g, 7.1, kg, 5.00, 0.7KG, 1
organic low fat powerpack honey yoghurt 200g, 14.3, kg, 2.85, 0.2KG, 1
pro activ margarine tub 250g, 22.0, kg, 5.49, 0.25KG, 1
pro activ olive margarine 500g, 14.0, kg, 7.00, 0.5KG, 1
strawberry custard snak pack 4 pack 140g, 7.9, kg, 4.40, 0.14KG, 1
marinated bocconcini 220g, 34.95 , kg, 7.69, 0.22KG, 1
solid cooking oil 500g, 6.2, kg, 3.08, 0.5KG, 1
beef pie kosher 200g, 22.0, kg, 4.40, 0.2KG, 1
curry beef pie 200g, 22.0, kg, 4.40, 0.2KG, 1
organic banana yoghurt mini pouch 70g, 22.0, kg, 1.54, 0.07KG, 1
potato gnocchi 98% fat free 700g, 10.6, kg, 7.43, 0.7KG, 1
cracked pepper cheese block 150g, 47.67 , kg, 7.15, 0.15KG, 1
waxed vintage cheese block 250g, 12.64 , kg, 12.64, 0.25KG, 1
thick and creamy greek yoghurt mix 220g, 22.0, kg, 4.83, 0.22KG, 1
thick and creamy vanilla yoghurt mix 220g, 22.0, kg, 4.83, 0.22KG, 1
thick and creamy greek and honey yoghurt mix 220g, 22.0, kg, 4.83, 0.22KG, 1
thick and creamy boysenberry yoghurt mix 220g, 22.0, kg, 4.83, 0.22KG, 1
lite berry yoghurt mix 185g, 19.9, kg, 3.69, 0.185KG, 1
classic natural yoghurt mix 140g, 25.1, kg, 3.51, 0.14KG, 1
lite vanilla yoghurt mix 185g, 19.9, kg, 3.69, 0.185KG, 1
lite passionfruit yoghurt mix 185g, 19.9, kg, 3.69, 0.185KG, 1
yoghurt maker kit, 21.99 , kg, 21.99, yoghurt maker kit 1 each, 1
all natural kids chocolate yoghurt mix 105g, 31.3, kg, 3.29, 0.105KG, 1
all natural kids apple and pear yoghurt mix 105g, 31.3, kg, 3.29, 0.105KG, 1
thick and creamy creme brulee yoghurt mix 220g, 22.0, kg, 4.83, 0.22KG, 1
all natural kids strawberry yoghurt mix 105g, 31.3, kg, 3.29, 0.105KG, 1
roasted garlic mayonnaise 270g, 8.80 , kg, 8.80, 0.27KG, 1
lemon and caper mayonnaise 270g, 8.80 , kg, 8.80, 0.27KG, 1
milk flavoured extra shot 500ml, 6.00 , kg, 3.00, 0.5L, 1
iced coffee flavoured milk 750ml, 5.00 , kg, 3.75, 0.75L, 1
no added sugar flavoured milk 500ml, 5.90 , kg, 2.95, 0.5L, 1
berry fruits yoghurt low fat, 7.5, kg, 7.47, 1kg, 1
natural yoghurt, 5.9, kg, 11.83, natural yoghurt 2kg, 1
cheese wedge 250g, 33.24 , kg, 8.31, 0.25KG, 1
brie 200g, 52.25 , kg, 10.45, 0.2KG, 1
triple cream brie 180g, 58.00 , kg, 10.44, 0.18KG, 1
stokes point smoked cheddar cheese 170g, 54.24 , kg, 9.22, 0.17KG, 1
surprise bay cheddar cheese 170g, 53.41 , kg, 9.08, 0.17KG, 1
roaring 40s blue cheese 120g, 73.25 , kg, 8.79, 0.12KG, 1
soy variety selection yoghurt 4 pack, 11.2, kg, 5.61, soy variety selection yoghurt 4 pack, 1
soy mango peach yoghurt 250g, 12.3, kg, 3.08, 0.25KG, 1
cream cheese portions 6 pack 108g, 32.13 , kg, 3.47, 0.108KG, 1
gherkin dip 185g, 14.9, kg, 2.75, 0.185KG, 1
perfect melt 3 cheese blend 200g, 29.65 , kg, 5.93, 0.2KG, 1
live active cheese slices individually wrapped 10 pack 205g, 26.83 , kg, 5.50, 0.205KG, 1
philadelphia cream chive and onion mini cheese 160g, 23.38 , kg, 3.74, 0.16KG, 1
lemon frosting 250ml, 18.48 , kg, 4.62, 0.25L, 1
sandwich cheese slices 925g, 11.64 , kg, 10.77, 0.925KG, 1
philadelphia pourover mexican salsa dip 220g, 17.5, kg, 3.85, 0.22KG, 1
philadelphia grated mozarella cheese 200g, 28.50 , kg, 5.70, 0.2KG, 1
philadelphia grated tasty cheese 200g, 28.50 , kg, 5.70, 0.2KG, 1
philadelphia chocolate cream cheese block 250g, 17.3, kg, 4.33, 0.25KG, 1
pan style bread slices with cheese 6 pack 450g, 13.0, kg, 5.83, 0.45KG, 1
chilli and garlic linguini 300g, 16.5, kg, 4.95, 0.3KG, 1
butter unsalted 250g, 40.0, kg, 10.00, 0.25KG, 1
strawberry yoghurt 4 pack, 10.5, kg, 5.89, strawberry yoghurt 4 pack, 1
butter with crushed garlic 125g, 30.8, kg, 3.85, 0.125KG, 1
dargo walnut 150g, 45.47 , kg, 6.82, 0.15KG, 1
peppercorn cheddar 150g, 45.47 , kg, 6.82, 0.15KG, 1
cheshire 150g, 46.13 , kg, 6.92, 0.15KG, 1
on the go light tasty cheese and crackers 50g, 65.00 , kg, 3.25, 0.05KG, 1
original cook and bake 250g, 11.0, kg, 2.74, 0.25KG, 1
dairy free spread 500g, 6.0, kg, 3.00, 0.5KG, 1
breakfast twists caramel spread 250g, 17.6, kg, 4.39, 0.25KG, 1
breakfast twists cinnamon spread 250g, 17.6, kg, 4.39, 0.25KG, 1
goats curd 100g, 50.00 , kg, 5.00, 0.1KG, 1
vintage club extra tasty cheddar cheese 180g, 34.83 , kg, 6.27, 0.18KG, 1
spreadable cheese vintage 150g, 29.27 , kg, 4.39, 0.15KG, 1
feta cheese 150g, 58.60 , kg, 8.79, 0.15KG, 1
premium dahi indian style yoghurt 500g, 10.6, kg, 5.28, 0.5KG, 1
strawberry flavoured milk 300ml, 6.50 , kg, 1.95, 0.3L, 1
chocolate flavoured milk 300ml, 6.50 , kg, 1.95, 0.3L, 1
dessert megapack 600g, 11.4, kg, 6.85, 0.6KG, 1
soleil diet mixed berry yoghurt, 5.7, kg, 5.74, 1kg, 1
dessert mousse choc peppermint 2 pack 70g, 21.6, kg, 3.03, 0.07KG, 1
soleil greek yoghurt with mango 4 pack 600g, 8.2, kg, 4.94, 0.6KG, 1
split pot smarties dessert 120g, 25.3, kg, 3.03, 0.12KG, 1
natural cheese slices 12 pack 250g, 29.04 , kg, 7.26, 0.25KG, 1
iced chocolate flavoured long life milk 375ml, 5.87 , kg, 2.20, 0.375L, 1
organic tasty tempeh 300g, 15.4, kg, 4.62, 0.3KG, 1
lemon curd cheesecake 2 pack 240g, 14.9, kg, 3.58, 0.24KG, 1
millionaires dessert 2 pack 240g, 14.9, kg, 3.58, 0.24KG, 1
salted caramel cheesecake 2 pack 240g, 14.9, kg, 3.58, 0.24KG, 1
coffee flavoured milk no added sugar 500ml, 5.30 , kg, 2.65, 0.5L, 1
spicy capsicum dip 200g, 20.6, kg, 4.12, 0.2KG, 1
hommus dip with dukkah 200g, 21.5, kg, 4.29, 0.2KG, 1
caviar dip 200g, 21.5, kg, 4.29, 0.2KG, 1
hommus dip topped with thai chilli and coriander 200g, 21.5, kg, 4.29, 0.2KG, 1
no fat greek style natural yoghurt 500g, 8.8, kg, 4.39, 0.5KG, 1
low fat greek style natural yoghurt 500g, 8.8, kg, 4.39, 0.5KG, 1
herb and garlic cheese 80g, 88.75 , kg, 7.10, 0.08KG, 1
mighty cool chocolate flavoured milk 250ml, 7.40 , kg, 1.85, 0.25L, 1
goats milk 1l, 4.30 , kg, 4.30, goats milk 1l, 1
vanilla bean and cinnamon 170g, 23.9, kg, 4.06, 0.17KG, 1
mango yoghurt pouch 140g, 17.2, kg, 2.41, 0.14KG, 1
passionfruit yoghurt pouch 140g, 17.2, kg, 2.41, 0.14KG, 1
apricot yoghurt 170g, 14.6, kg, 2.48, 0.17KG, 1
plain yoghurt pouch 140g, 17.2, kg, 2.41, 0.14KG, 1
chocolate dessert 12 pack 100g, 4.0, kg, 4.80, 0.1KG, 1
cuisine red chicken curry 400g, 22.0, kg, 8.80, 0.4KG, 1
spicy capsicum dip 200g, 14.3, kg, 2.86, 0.2KG, 1
ham and cheese tortellini 375g, 9.9, kg, 3.70, 0.375KG, 1
pepperoni pizza 10 inch 450g, 10.3, kg, 4.62, 0.45KG, 1
curry pot butter chicken and rice half pack 350g, 22.0, kg, 7.70, 0.35KG, 1
vintage cheese block 250g, 18.48 , kg, 4.62, 0.25KG, 1
beetroot dip 200g, 14.3, kg, 2.86, 0.2KG, 1
meat feast pizza 10 inch 450g, 10.3, kg, 4.62, 0.45KG, 1
australian tasty light cheese slices 12 pack 250g, 18.5, kg, 4.62, 0.25KG, 1
swiss cheese slices 200g, 27.25 , kg, 5.45, 0.2KG, 1
delre black jack cheddar  100g, 14.50 , kg, 1.45, 0.1KG, 1
patchett pies small pork pie, 31.5, kg, 3.15, patchett pies small pork pie 1 each, 1
parmigiano reggiano stravecchio cheese 250g, 55.00 , kg, 13.75, 0.25KG, 1
light and tasty grated cheese 250g, 25.40 , kg, 6.35, 0.25KG, 1
solid cooking oil 250g, 12.1, kg, 3.03, 0.25KG, 1
special reserve vintage cheddar cheese block 250g, 29.72 , kg, 7.43, 0.25KG, 1
vintage extra sharp cheese slices 12 pack 250g, 28.40 , kg, 7.10, 0.25KG, 1
thick vanilla custard carton, 4.8, kg, 4.79, 1kg, 1
new milk 1l, 2.77 , kg, 2.77, new milk 1l, 1
iced coffee mocha flavoured milk 500ml, 6.50 , kg, 3.25, 0.5L, 1
coffee espresso flavoured milk 750ml, 5.00 , kg, 3.75, 0.75L, 1
classic pumpkin soup 560ml, 1.28 , kg, 7.15, 0.56L, 1
italian minestrone soup 560ml, 1.28 , kg, 7.15, 0.56L, 1
full fat milk 2l, 1.50 , kg, 2.99, full fat milk 2l, 1
lite milk 3l, 1.33 , kg, 3.99, lite milk 3l, 1
greek style yoghurt with honey 4 pack 640g, 8.6, kg, 5.49, 0.64KG, 1
organic vanilla bean yoghurt 170g, 15.9, kg, 2.70, 0.17KG, 1
organic low fat powerpack blueberry yoghurt 200g, 14.3, kg, 2.85, 0.2KG, 1
pro activ buttery tub 500g, 14.0, kg, 7.00, 0.5KG, 1
strawberry fields dessert 2 pack 150g, 11.0, kg, 3.29, 0.15KG, 1
junior lean beef pies 12 pack 760g, 12.1, kg, 9.18, 0.76KG, 1
sausage roll 200g, 17.0, kg, 3.40, 0.2KG, 1
organic pear yoghurt mini pouch 70g, 22.0, kg, 1.54, 0.07KG, 1
twist mango and blood orange yoghurt 160g, 18.9, kg, 3.03, 0.16KG, 1
twist yoghurt pomegranate and blackberry 720g, 10.7, kg, 7.69, 0.72KG, 1
watermelon and strawberry yoghurt 720g, 10.7, kg, 7.69, 0.72KG, 1
toffee and honeycomb yoghurt 720g, 10.7, kg, 7.69, 0.72KG, 1
extra tasty cheese, 13.20 , kg, 13.20, 1kg, 1
organic ramen noodles 270g, 13.9, kg, 3.74, 0.27KG, 1
lite natural yoghurt mix 140g, 25.1, kg, 3.51, 0.14KG, 1
cheese portions 140g, 21.64 , kg, 3.03, 0.14KG, 1
organic biodynamic bush honey yoghurt 500g, 9.5, kg, 4.73, 0.5KG, 1
a2 natural low fat, 8.0, kg, 8.00, 1kg, 1
fat free natural yoghurt, 7.5, kg, 7.47, 1kg, 1
pure yoghourt with mango 200g, 10.0, kg, 2.00, 0.2KG, 1
bulgarian sheep fetta 450g, 22.00 , kg, 9.90, 0.45KG, 1
camembert 110g, 70.00 , kg, 7.70, 0.11KG, 1
camembert 200g, 66.00 , kg, 13.20, 0.2KG, 1
mexican cheese blend 250g, 23.72 , kg, 5.93, 0.25KG, 1
pizza cheese blend 200g, 29.65 , kg, 5.93, 0.2KG, 1
philadelphia lite smoked salmon cream cheese 150g, 25.67 , kg, 3.85, 0.15KG, 1
grated parmesan cheese bag 100g, 38.00 , kg, 3.80, 0.1KG, 1
philadelphia mini lite cream cheese 160g, 23.38 , kg, 3.74, 0.16KG, 1
grated parmesan cheese canister 250g, 31.68 , kg, 7.92, 0.25KG, 1
sweet chilli and lime dip 185g, 14.9, kg, 2.75, 0.185KG, 1
light french onion dip 185g, 14.9, kg, 2.75, 0.185KG, 1
philadelphia original spreadable cream cheese 140g, 25.93 , kg, 3.63, 0.14KG, 1
original bocconcini 220g, 22.68 , kg, 4.99, 0.22KG, 1
pesto agnolotti 375g, 17.6, kg, 6.60, 0.375KG, 1
veal tortellini 375g, 17.6, kg, 6.60, 0.375KG, 1
basil and cashew pesto pasta sauce 220g, 28.3, kg, 6.22, 0.22KG, 1
tomato chorizo and chilli stir through pasta sauce 300g, 20.7, kg, 6.22, 0.3KG, 1
salt reduced haloumi 180g, 42.78 , kg, 7.70, 0.18KG, 1
on the go extra tasty cheese and crackers 50g, 65.00 , kg, 3.25, 0.05KG, 1
free range large eggs 12 pack 660g, 10.0, kg, 6.60, 0.66KG, 1
vintage club pickled cheddar cheese 235g, 14.89 , kg, 3.50, 0.235KG, 1
green peppercorn medley cheddar cheese 235g, 14.89 , kg, 3.50, 0.235KG, 1
light feta cheese 200g, 43.95 , kg, 8.79, 0.2KG, 1
chocolate mousse 2 pack 62g, 24.4, kg, 3.03, 0.062KG, 1
split pot rolo dessert 117g, 25.9, kg, 3.03, 0.117KG, 1
pulse spread 500g, 13.2, kg, 6.59, 0.5KG, 1
kosher spread tub 500g, 8.0, kg, 4.00, 0.5KG, 1
banana flavoured milk 600ml, 4.83 , kg, 2.90, 0.6L, 1
chocolate flavoured milk 300ml, 5.77 , kg, 1.73, 0.3L, 1
strawberry flavoured milk 600ml, 4.63 , kg, 2.78, 0.6L, 1
chocolate flavoured milk 600ml, 4.63 , kg, 2.78, 0.6L, 1
beef lasagne 1.6kg, 8.00 , kg, 12.80, beef lasagne 1.6kg, 1
scooby doo yoghurt 12 pack 90g, 4.6, kg, 5.00, 0.09KG, 1
light vanilla custard 600g, 5.1, kg, 3.08, 0.6KG, 1
pouring vanilla custard, 4.0, kg, 8.03, pouring vanilla custard 2kg, 1
kids strawberry yoghurt 70g, 21.3, kg, 1.49, 0.07KG, 1
custard and fruit snack pack strawberry 6 pack 900g, 0.73 , kg, 6.60, 0.9KG, 1
kids spaceboy yoghurt 12 pack 1080g, 4.6, kg, 5.00, 1.08KG, 1
mozzarella cheese block 500g, 17.94 , kg, 8.97, 0.5KG, 1
smooth ricotta cheese tub 250g, 18.48 , kg, 4.62, 0.25KG, 1
squeezie descpicable me 2 yoghurt 120g, 18.3, kg, 2.19, 0.12KG, 1
natural goat yoghurt 500g, 11.0, kg, 5.50, 0.5KG, 1
mandarin yoghurt 170g, 14.6, kg, 2.48, 0.17KG, 1
2% fat greek yoghurt 907g, 7.6, kg, 6.92, 0.907KG, 1
semi dried tomato and capsicum pesto 150g, 19.1, kg, 2.86, 0.15KG, 1
tiramisu dessert 2 pack 90g, 18.3, kg, 3.29, 0.09KG, 1
profiteroles 2 pack 90g, 18.3, kg, 3.29, 0.09KG, 1
cranberry wensleydale fruit cheese 200g, 39.60 , kg, 7.92, 0.2KG, 1
ham and cheese tortellini 625g, 8.0, kg, 5.00, 0.625KG, 1
traditional fettuccine 375g, 7.7, kg, 2.90, 0.375KG, 1
curry pot basmati rice 250g, 8.8, kg, 2.20, 0.25KG, 1
curry pot lamb korma 350g, 25.1, kg, 8.80, 0.35KG, 1
chocolate truffle dessert 2 pack 100g, 16.5, kg, 3.29, 0.1KG, 1
curry pot beef madras 350g, 25.1, kg, 8.80, 0.35KG, 1
sunflower spread tub 500g, 5.0, kg, 2.48, 0.5KG, 1
curry pot naan 2 pack, 3.47 , kg, 3.47, curry pot naan 2 pack, 1
gippsland cheddar 150g, 43.20 , kg, 6.48, 0.15KG, 1
cuisine spinach and ricotta cannelloni 400g, 20.0, kg, 7.98, 0.4KG, 1
cuisine spaghetti and meatballs 350g, 19.7, kg, 6.88, 0.35KG, 1
sticky date pudding 170g, 32.3, kg, 5.49, 0.17KG, 1
apple and blackberry custard crumble 172g, 31.9, kg, 5.49, 0.172KG, 1
marinated sweet potato feta olive and bean 150g, 24.9, kg, 3.74, 0.15KG, 1
australian cheese cubes 500g, 15.00 , kg, 7.50, 0.5KG, 1
dark chocolate orange dessert 2 pack 248g, 11.0, kg, 2.74, 0.248KG, 1
gouda cheese slices 200g, 27.25 , kg, 5.45, 0.2KG, 1
australian string cheese 160g, 25.4, kg, 4.07, 0.16KG, 1
raspberry white chocolate mousse 2 pack 124g, 22.1, kg, 2.74, 0.124KG, 1
chocolate mousse 2 pack 124g, 22.1, kg, 2.74, 0.124KG, 1
edam cheese slices 200g, 27.25 , kg, 5.45, 0.2KG, 1
solid cooking oil 500g, 5.1, kg, 2.53, 0.5KG, 1
light dollop cream 300ml, 1.10 , kg, 3.30, 0.3L, 1
australian dollop cream 300ml, 1.10 , kg, 3.30, 0.3L, 1
vintage cheddar truckle 150g, 47.67 , kg, 7.15, 0.15KG, 1
peppercorn and garlic cheddar truckle 150g, 47.67 , kg, 7.15, 0.15KG, 1
australian extra tasty cheddar cheese sticks 160g, 33.00 , kg, 5.28, 0.16KG, 1
wensleydale and cranberry truckle 150g, 47.67 , kg, 7.15, 0.15KG, 1
pickled onion and chilli cheddar truckle 150g, 47.67 , kg, 7.15, 0.15KG, 1
cannelloni beef 400g, 20.0, kg, 7.98, 0.4KG, 1
chicken cacciatore pasta bake 400g, 20.0, kg, 7.98, 0.4KG, 1
fromager d'affinois  100g, 69.00 , kg, 6.90, 0.1KG, 1
hommus dip 200g, 15.00 , kg, 3.00, 0.2KG, 1
tarago shadows of blue cheese  100g, 54.00 , kg, 5.40, 0.1KG, 1
castello blue cheese  250g, 43.00 , kg, 10.75, 0.25KG, 1
castello white  250g, 43.00 , kg, 10.75, 0.25KG, 1
fromager d'affinois blue cheese  100g, 78.00 , kg, 7.80, 0.1KG, 1
auricchio calcagno  100g, 33.00 , kg, 3.30, 0.1KG, 1
auricchio asiago  100g, 33.00 , kg, 3.30, 0.1KG, 1
auricchio calcagno pepato  100g, 33.00 , kg, 3.30, 0.1KG, 1
south cape dairy brie  250g, 43.00 , kg, 10.75, 0.25KG, 1
milawa camembert  200g, 60.00 , kg, 12.00, 0.2KG, 1
meredith dairy dill chevre 150g, 60.00 , kg, 9.00, 0.15KG, 1
delre pecorino pepato  100g, 32.00 , kg, 3.20, 0.1KG, 1
king island dairy red wax cheddar  100g, 36.00 , kg, 3.60, 0.1KG, 1
rouzaire brie nangis  250g, 78.00 , kg, 19.50, 0.25KG, 1
delre goat milk caprakaas  100g, 46.00 , kg, 4.60, 0.1KG, 1
king island dairy camembert  100g, 51.50 , kg, 5.15, 0.1KG, 1
jensens red tarago  100g, 54.00 , kg, 5.40, 0.1KG, 1
meredith dairy green label sheep milk yoghurt 500g, 15.00 , kg, 7.50, 0.5KG, 1
meredith dairy ash chevre 150g, 60.00 , kg, 9.00, 0.15KG, 1
auricchio parmigiano  100g, 48.00 , kg, 4.80, 0.1KG, 1
mersey valley vintage cheddar  250g, 26.00 , kg, 6.50, 0.25KG, 1
meredith dairy plain chevre 150g, 60.00 , kg, 9.00, 0.15KG, 1
king island dairy stokes point smoked cheddar  100g, 41.00 , kg, 4.10, 0.1KG, 1
tasmanian heritage st claire swiss  100g, 27.00 , kg, 2.70, 0.1KG, 1
tilba club vintage cheddar  100g, 41.00 , kg, 4.10, 0.1KG, 1
king island dairy triple cream brie  100g, 54.00 , kg, 5.40, 0.1KG, 1
smoked dutch delre  100g, 31.00 , kg, 3.10, 0.1KG, 1
auricchio grana padano  100g, 36.00 , kg, 3.60, 0.1KG, 1
mon pere brie  250g, 40.00 , kg, 10.00, 0.25KG, 1
south cape edam ball  100g, 20.00 , kg, 2.00, 0.1KG, 1
great ocean road tasty cheddar  250g, 20.00 , kg, 5.00, 0.25KG, 1
great ocean road extra tasty cheddar  250g, 20.00 , kg, 5.00, 0.25KG, 1
caviar dip 200g, 15.0, kg, 3.00, 0.2KG, 1
mushroom pesto 150g, 25.0, kg, 3.75, 0.15KG, 1
green olive tapenade 150g, 2.50 , kg, 3.75, 0.15KG, 1
olive and caper tapenade 150g, 25.0, kg, 3.75, 0.15KG, 1
roasted capsicum pesto 150g, 25.0, kg, 3.75, 0.15KG, 1
chilli and lime pesto 150g, 25.0, kg, 3.75, 0.15KG, 1
mini spinach fetta and sundried tomato quiche 45g, 26.7, kg, 1.20, 0.045KG, 1
mini beef and red wine pie 45g, 26.7, kg, 1.20, 0.045KG, 1
lamb samosa 45g, 26.7, kg, 1.20, 0.045KG, 1
pumpkin and harissa falafel 45g, 26.7, kg, 1.20, 0.045KG, 1
quiche lorraine 1., 12.0, kg, 13.25, 1kg, 1
vegie burger, 2.00 , kg, 2.00, vegie burger 1 each, 1
farmhouse cloth aged vintage cheddar 150g, 58.60 , kg, 8.79, 0.15KG, 1
goats cheese with italian black truffle 120g, 77.00 , kg, 9.24, 0.12KG, 1
creme fraiche 300ml, 18.3, kg, 5.50, 0.3L, 1
large picnic pack, 45.00 , kg, 45.00, large picnic pack 1 each, 1
hommus roast pumpkin and harissa dip 200g, 13.8, kg, 2.75, 0.2KG, 1
chocolate mousse 2 pack 124g, 22.1, kg, 2.74, 0.124KG, 1
chocolate fudge dessert 2 pack 248g, 11.0, kg, 2.74, 0.248KG, 1
light tasty cheese 250g, 23.12 , kg, 5.78, 0.25KG, 1
light vintage cheese 250g, 26.36 , kg, 6.59, 0.25KG, 1
light pouring vanilla custard, 4.1, kg, 4.13, 1kg, 1
thick and creamy caramelised fig yoghurt 600g, 10.4, kg, 6.26, 0.6KG, 1
dunkers jumbo tubes 141g, 32.70 , kg, 4.61, 0.141KG, 1
cheese pods 100g, 39.30 , kg, 3.93, 0.1KG, 1
ultimate greek mango yoghurt 850g, 7.1, kg, 6.04, 0.85KG, 1
ultimate greek blueberry yoghurt 850g, 7.1, kg, 6.04, 0.85KG, 1
double espresso flavoured milk 500ml, 6.50 , kg, 3.25, 0.5L, 1
