free range satay chicken breast skewers 300g, 25.00 , kg, 7.50, 0.3KG, 1
free range chicken breast schnitzel  350g, 28.80 , kg, 10.08, 0.35KG, 1
free range satay chicken breast skewers 300g, 25.00 , kg, 7.50, 0.3KG, 1
free range chicken breast schnitzel  350g, 28.80 , kg, 10.08, 0.35KG, 1
free range satay chicken wing nibbles, 9.50 , kg, 9.50, 1kg, 1
4 star lean beef mince 500g, NA, kg, N, 0.5KG, A
chicken breast fillet skin off 2 pieces  500g, 9.00 , kg, 4.50, 0.5KG, 1
3 star beef mince, 6.00 , kg, 6.00, 1kg, 1
5 star lean beef mince 500g, 14.00 , kg, 7.00, 0.5KG, 1
shaved primo leg honey ham  125g, 20.00 , kg, 2.50, 0.125KG, 1
3 star beef mince 500g, 7.00 , kg, 3.50, 0.5KG, 1
free range skin off chicken breast fillet  630g, 18.49 , kg, 11.65, 0.63KG, 1
rindless shortcut bacon  250g, 17.00 , kg, 4.25, 0.25KG, 1
middle bacon  250g, 12.00 , kg, 3.00, 0.25KG, 1
thin beef bbq sausages 1.7kg, 4.12 , kg, 7.00, thin beef bbq sausages 1.7kg, 1
chicken thigh fillets skin off 4 pieces  550g, 9.00 , kg, 4.95, 0.55KG, 1
sliced primo leg ham  125g, 14.50 , kg, 1.81, 0.125KG, 1
shaved bertocchi champagne leg ham  125g, 24.00 , kg, 3.00, 0.125KG, 1
beef stir fry strips 500g, 17.00 , kg, 8.50, 0.5KG, 1
shaved don premium boneless leg ham  125g, 24.00 , kg, 3.00, 0.125KG, 1
chicken breast fillets skin off 2 pieces  500g, 14.00 , kg, 7.00, 0.5KG, 1
lamb mince 500g, 10.00 , kg, 5.00, 0.5KG, 1
free range satay chicken breast skewers 300g, 25.00 , kg, 7.50, 0.3KG, 1
free range chicken breast schnitzel  350g, 28.80 , kg, 10.08, 0.35KG, 1
lamb shanks in red wine 900g, 15.56 , kg, 14.00, 0.9KG, 1
instant bbq, 30.00 , kg, 30.00, instant bbq 1 each, 1
chicken sausages 375g, 16.00 , kg, 6.00, 0.375KG, 1
sliced mild salami 50% less fat 100g, 45.10 , kg, 4.51, 0.1KG, 1
chicken breast fillets skin off  600g, 31.40 , kg, 18.84, 0.6KG, 1
beef stir fry  500g, 17.50 , kg, 8.75, 0.5KG, 1
chorizos 2 pack 250g, 31.64 , kg, 7.91, 0.25KG, 1
sliced danish salami 100g, 40.20 , kg, 4.02, 0.1KG, 1
sliced pepperoni salami 100g, 40.20 , kg, 4.02, 0.1KG, 1
bacon 98% fat free 125g, 54.56 , kg, 6.82, 0.125KG, 1
olive grove mix dip 200g, 20.6, kg, 4.12, 0.2KG, 1
skinny tzatziki dip 200g, 20.6, kg, 4.12, 0.2KG, 1
avocado dip with lemon and sea salt 200g, 20.6, kg, 4.12, 0.2KG, 1
tzatziki dip 200g, 21.5, kg, 4.29, 0.2KG, 1
traditional pumpkin hommus dip 200g, 21.4, kg, 4.28, 0.2KG, 1
hot smoked salmon 185g, 43.24 , kg, 8.00, 0.185KG, 1
avocado dip mini tub 3 pack 180g, 15.9, kg, 2.86, 0.18KG, 1
pepperoni style salami 250g, 14.80 , kg, 3.70, 0.25KG, 1
pork loin chops 2-3 pieces  400g, 18.00 , kg, 7.20, 0.4KG, 1
rindless pan size bacon 200g, 24.50 , kg, 4.90, 0.2KG, 1
lamb rump steaks  350g, 23.00 , kg, 8.05, 0.35KG, 1
short cut australian rindless bacon 200g, 34.65 , kg, 6.93, 0.2KG, 1
chicken wings 8 pieces  900g, 5.90 , kg, 5.31, 0.9KG, 1
beef meatballs 420g, 13.10 , kg, 5.50, 0.42KG, 1
sausage mince 500g, 7.00 , kg, 3.50, 0.5KG, 1
sun dried tomato dip 200g, 14.3, kg, 2.86, 0.2KG, 1
beef rump steak  850g, 17.00 , kg, 14.45, 0.85KG, 1
australian sliced roast beef 200g, 31.90 , kg, 6.38, 0.2KG, 1
australian double smoked sliced ham 200g, 31.90 , kg, 6.38, 0.2KG, 1
smoked sliced ham 100g, 33.00 , kg, 3.30, 0.1KG, 1
honey bbq beef sausages 560g, 8.04 , kg, 4.50, 0.56KG, 1
sliced rare blackforest roast beef  125g, 23.00 , kg, 2.88, 0.125KG, 1
classic pasta salad medium tub, 5.00 , kg, 5.00, classic pasta salad medium tub 1 each, 1
thawed skin off blue grenadier fillets  400g, 10.00 , kg, 4.00, 0.4KG, 1
ricotta cheese  125g, 8.90 , kg, 1.11, 0.125KG, 1
sliced lite swiss jarlsberg  100g, 22.00 , kg, 2.20, 0.1KG, 1
danish fetta  325g, 15.00 , kg, 4.88, 0.325KG, 1
swiss jarlsberg  100g, 22.00 , kg, 2.20, 0.1KG, 1
primo chorizos, 3.00 , kg, 3.00, primo chorizos 1 each, 1
hans oliving mild twiggys  150g, 30.00 , kg, 4.50, 0.15KG, 1
chicken and mushroom sausages 500g, 16.00 , kg, 8.00, 0.5KG, 1
jamaican jerk chicken portions 1.4kg, 7.79 , kg, 10.90, jamaican jerk chicken portions 1.4kg, 1
beef burgers 6 pack 375g, 16.00 , kg, 6.00, 0.375KG, 1
beef marrow bones  1., 4.50 , kg, 4.95, 1kg, 1
honey ham 400g, 23.38 , kg, 9.35, 0.4KG, 1
philadelphia sweet chilli pourover dip 250g, 17.6, kg, 4.39, 0.25KG, 1
free range chicken drumsticks  630g, 6.79 , kg, 4.28, 0.63KG, 1
kangaroo mince, 8.99 , kg, 8.99, 1kg, 1
budget beef burgers 10 pack, 8.50 , kg, 8.50, 1kg, 1
classic smooth hommus 220g, 20.0, kg, 4.39, 0.22KG, 1
lite shaved chicken breast 100g, 42.40 , kg, 4.24, 0.1KG, 1
choice pancetta 100g, 72.50 , kg, 7.25, 0.1KG, 1
sliced smoked turkey 100g, 40.20 , kg, 4.02, 0.1KG, 1
sliced thin mild salami 200g, 34.10 , kg, 6.82, 0.2KG, 1
chicken knob roll 250g, 15.20 , kg, 3.80, 0.25KG, 1
smoked salmon 200g, 66.00 , kg, 13.20, 0.2KG, 1
chunky baby spinach with cashew and parmesan dip 150g, 33.0, kg, 4.95, 0.15KG, 1
traditional hommus dip, 10.8, kg, 10.78, 1kg, 1
chicken burger 510g, 13.71 , kg, 6.99, 0.51KG, 1
herb sprinkled chicken portions  1.5kg, 7.50 , kg, 11.25, rspca approved herb sprinkled chicken portions approx. 1.5kg, 1
mixed olives 150g, NA, kg, N, 0.15KG, A
pork belly roast, 17.00 , kg, 17.00, 1kg, 1
chicken maryland 2 pieces  850g, 5.90 , kg, 5.02, 0.85KG, 1
beef porterhouse steak 1-2 pieces  250g, 23.00 , kg, 5.75, 0.25KG, 1
smoked hickory bacon 400g, 19.25 , kg, 7.70, 0.4KG, 1
pork scotch fillet steak 3-4 pieces  500g, 19.00 , kg, 9.50, 0.5KG, 1
rindless australian pan size bacon 200g, 30.25 , kg, 6.05, 0.2KG, 1
sticky bbq lamb ribs 750g, 13.33 , kg, 10.00, 0.75KG, 1
danish mild salami 200g, 23.10 , kg, 4.62, 0.2KG, 1
beef eye fillet steak 2-3 pieces  250g, 42.00 , kg, 10.50, 0.25KG, 1
beef chuck casserole steak  400g, 12.00 , kg, 4.80, 0.4KG, 1
beef scotch fillet steak 1-2 piece  200g, 30.00 , kg, 6.00, 0.2KG, 1
thin pork bbq sausages 1.7kg, 5.00 , kg, 8.50, thin pork bbq sausages 1.7kg, 1
veal stir fry 500g, 17.00 , kg, 8.50, 0.5KG, 1
smoked salmon 200g, 46.75 , kg, 9.35, 0.2KG, 1
mini angus beef burgers 240g, 20.83 , kg, 5.00, 0.24KG, 1
chicken stir fry strips  550g, 18.50 , kg, 10.18, 0.55KG, 1
chicken breast schnitzel steak 4 pieces  600g, 18.00 , kg, 10.80, 0.6KG, 1
salmon fillets skin on 300g, 39.29 , kg, 11.00, 0.3KG, 1
salmon fillets skin off 300g, 46.43 , kg, 13.00, 0.3KG, 1
australian chicken breast sliced 200g, 31.90 , kg, 6.38, 0.2KG, 1
australian sliced roast pork 200g, 31.90 , kg, 6.38, 0.2KG, 1
classic potato salad snack tub, 1.50 , kg, 1.50, classic potato salad snack tub 1 each, 1
mild hungarian salami  250g, 26.00 , kg, 6.50, 0.25KG, 1
classic potato salad small tub, 4.00 , kg, 4.00, classic potato salad small tub 1 each, 1
auricchio pecorino romano  100g, 30.00 , kg, 3.00, 0.1KG, 1
thawed squid tubes  500g, 15.00 , kg, 7.50, 0.5KG, 1
thawed seafood marinara mix  250g, 11.00 , kg, 2.75, 0.25KG, 1
thawed pink ling fillets  250g, 21.00 , kg, 5.25, 0.25KG, 1
chicken kiev, 4.20 , kg, 4.20, chicken kiev 1 each, 1
fresh sydney rock oysters 12 pack, 1.08 , kg, 13.00, fresh sydney rock oysters 12 pack, 1
green marinated olives with chilli and garlic  250g, 22.00 , kg, 5.50, 0.25KG, 1
thawed cooked black tiger prawns  250g, 31.00 , kg, 7.75, 0.25KG, 1
classic pasta salad snack tub, 1.50 , kg, 1.50, classic pasta salad snack tub 1 each, 1
quinoa and tabouleh salad small tub, 5.00 , kg, 5.00, quinoa and tabouleh salad small tub 1 each, 1
sliced primo hgp free pastrami  125g, 24.00 , kg, 3.00, 0.125KG, 1
edgell hash browns, 0.50 , kg, 0.50, edgell hash browns 1 each, 1
free range pork mince  500g, 11.00 , kg, 5.50, 0.5KG, 1
original angus beef sausages 500g, 16.00 , kg, 8.00, 0.5KG, 1
angus beef burgers 320g, 23.44 , kg, 7.50, 0.32KG, 1
free range satay chicken breast skewers 300g, 25.00 , kg, 7.50, 0.3KG, 1
free range chicken breast schnitzel  350g, 28.80 , kg, 10.08, 0.35KG, 1
spicy buffalo chicken wings, 7.90 , kg, 7.90, 1kg, 1
lamb souvlaki strips 500g, 19.00 , kg, 9.50, 0.5KG, 1
middle bacon 250g, 12.40 , kg, 3.10, 0.25KG, 1
tasmanian smoked salmon 300g, 49.70 , kg, 14.91, 0.3KG, 1
chunky basil with cashew and parmesan dip 150g, 33.0, kg, 4.95, 0.15KG, 1
extra lean beef mince 500g, 19.50 , kg, 9.75, 0.5KG, 1
chicken tenderloins 8 pieces  550g, 18.50 , kg, 10.18, 0.55KG, 1
lean pork mince 500g, 12.00 , kg, 6.00, 0.5KG, 1
pork sirloin steak  500g, 19.00 , kg, 9.50, 0.5KG, 1
frenched lamb shanks 2 pack  450g, 11.00 , kg, 4.95, 0.45KG, 1
chicken thigh fillets 8-9 pieces  1.3kg, 11.00 , kg, 14.30, rspca approved chicken thigh fillets 8-9 pieces approx. 1.3kg, 1
basa fillets 2 pack 260g, 19.23 , kg, 5.00, 0.26KG, 1
chicken wings 4 pieces  500g, 3.98 , kg, 1.99, 0.5KG, 1
sliced bertocchi triple smoked leg ham  125g, 28.00 , kg, 3.50, 0.125KG, 1
angus beef sausages with garlic and parsley 500g, 16.00 , kg, 8.00, 0.5KG, 1
economy beef rump steak 3-4 pieces, 11.00 , kg, 11.00, 1kg, 1
thin sliced turkey breast 97% fat free 200g, 34.10 , kg, 6.82, 0.2KG, 1
crumbed chicken tenderloins 400g, 19.63 , kg, 7.85, 0.4KG, 1
streaky bacon 200g, 24.50 , kg, 4.90, 0.2KG, 1
short cut rindless bacon 200g, 28.90 , kg, 5.78, 0.2KG, 1
extra trim beef burgers 500g, NA, kg, N, 0.5KG, A
chicken breast fillets single pack  350g, 14.00 , kg, 4.90, 0.35KG, 1
herb and garlic chicken schnitzel 4 pack 600g, 18.17 , kg, 10.90, 0.6KG, 1
australian roast chicken breast slices 150g, NA, kg, N, 0.15KG, A
sizzle steak 400g, 17.50 , kg, 7.00, 0.4KG, 1
honey soy chicken kebab, 1.20 , kg, 1.20, rspca approved honey soy chicken kebab 1 each, 1
diced bacon  250g, 13.00 , kg, 3.25, 0.25KG, 1
shaved inghams free range turkey breast  125g, 35.00 , kg, 4.38, 0.125KG, 1
chicken drumsticks 4 pieces  550g, 3.98 , kg, 2.19, 0.55KG, 1
lamb sausages with leek and thyme 500g, 16.00 , kg, 8.00, 0.5KG, 1
chicken necks  550g, 4.50 , kg, 2.48, 0.55KG, 1
french onion dip 185g, 14.9, kg, 2.75, 0.185KG, 1
free range chicken mince 500g, 19.00 , kg, 9.50, 0.5KG, 1
free range middle bacon 200g, 27.15 , kg, 5.43, 0.2KG, 1
chicken drumsticks 4 pieces  600g, 6.30 , kg, 3.78, 0.6KG, 1
small whole chicken  1.3kg, 5.40 , kg, 7.02, rspca approved small whole chicken approx. 1.3kg, 1
lamb cutlets  800g, 34.00 , kg, 27.20, 0.8KG, 1
tzatziki dip 200g, 14.3, kg, 2.86, 0.2KG, 1
chicken drumsticks 8 pieces  1., 6.00 , kg, 7.20, rspca approved chicken drumsticks 8 pieces approx. 1.2kg, 1
streaky bacon  250g, 10.90 , kg, 2.73, 0.25KG, 1
danish salami  250g, 26.00 , kg, 6.50, 0.25KG, 1
shaved moira macs free range roast chicken  125g, 26.00 , kg, 3.25, 0.125KG, 1
spanish chorizo 500g, 16.00 , kg, 8.00, 0.5KG, 1
plain chicken sausages 490g, 12.04 , kg, 5.90, 0.49KG, 1
french onion dip 200g, 21.5, kg, 4.29, 0.2KG, 1
slow cook lamb shoulder, 10.00 , kg, 20.00, slow cook lamb shoulder approx. 2kg, 1
lamb leg steak  400g, 24.00 , kg, 9.60, 0.4KG, 1
lamb forequarter chops  400g, 8.50 , kg, 3.40, 0.4KG, 1
diced beef  800g, 10.00 , kg, 8.00, 0.8KG, 1
beef bolar blade roast  1., 11.00 , kg, 12.10, 1kg, 1
beef t bone steak 2-3 pieces  800g, 22.00 , kg, 17.60, 0.8KG, 1
lamb loin chops  200g, 18.00 , kg, 3.60, 0.2KG, 1
pork stir fry 500g, 19.00 , kg, 9.50, 0.5KG, 1
thick bbq beef sausages 560g, 8.04 , kg, 4.50, 0.56KG, 1
chicken thigh cutlets skin on 6 pieces  1.3kg, 8.00 , kg, 10.40, rspca approved chicken thigh cutlets skin on 6 pieces approx. 1.3kg, 1
lamb leg mini roast  900g, 20.99 , kg, 18.89, 0.9KG, 1
greek fetta  125g, 29.70 , kg, 3.71, 0.125KG, 1
sliced primo fleischwurst berliner  125g, 15.50 , kg, 1.94, 0.125KG, 1
lemon and herb chicken thighs 450g, 17.11 , kg, 7.70, 0.45KG, 1
light hommus dip 200g, 14.3, kg, 2.86, 0.2KG, 1
hot dog american frankfurts 375g, 16.88 , kg, 6.33, 0.375KG, 1
cocktail bbq chicken kebabs, 16.80 , kg, 8.40, cocktail bbq chicken kebabs 1 each, 1
cabanossi 250g, 18.72 , kg, 4.68, 0.25KG, 1
short cut premium rindless bacon 750g, 20.03 , kg, 15.02, 0.75KG, 1
spring onion dip 200g, 20.6, kg, 4.12, 0.2KG, 1
caramelised onion hommus 200g, 21.5, kg, 4.29, 0.2KG, 1
beef topside roast  1.5kg, 14.00 , kg, 21.00, beef topside roast approx. 1.5kg, 1
hommus dip mini tub 3 pack 180g, 15.9, kg, 2.86, 0.18KG, 1
lamb leg mini roast  400g, 27.00 , kg, 10.80, 0.4KG, 1
extra trim pork fillets 1 piece  300g, 30.00 , kg, 9.00, 0.3KG, 1
lamb and mint burgers 500g, NA, kg, N, 0.5KG, A
veal schnitzel 1-2 pieces  200g, 22.99 , kg, 4.60, 0.2KG, 1
veal mince 500g, 14.00 , kg, 7.00, 0.5KG, 1
half lamb leg roast  1.3kg, 12.00 , kg, 15.60, half lamb leg roast approx. 1.3kg, 1
frenched lamb cutlets  200g, 44.99 , kg, 9.00, 0.2KG, 1
honey sliced ham 100g, 33.00 , kg, 3.30, 0.1KG, 1
semi dried tomatoes  150g, 25.55 , kg, 3.83, 0.15KG, 1
primo cabanossi, 2.00 , kg, 2.00, primo cabanossi 1 each, 1
continental chorizo, 3.00 , kg, 3.00, continental chorizo 1 each, 1
pork sausages with cider and apple 500g, 16.00 , kg, 8.00, 0.5KG, 1
lamb shanks in red wine 900g, 15.56 , kg, 14.00, 0.9KG, 1
instant bbq, 30.00 , kg, 30.00, instant bbq 1 each, 1
chicken sausages 375g, 16.00 , kg, 6.00, 0.375KG, 1
sliced mild salami 50% less fat 100g, 45.10 , kg, 4.51, 0.1KG, 1
chicken breast fillets skin off  600g, 31.40 , kg, 18.84, 0.6KG, 1
beef stir fry  500g, 17.50 , kg, 8.75, 0.5KG, 1
chorizos 2 pack 250g, 31.64 , kg, 7.91, 0.25KG, 1
sliced danish salami 100g, 40.20 , kg, 4.02, 0.1KG, 1
sliced pepperoni salami 100g, 40.20 , kg, 4.02, 0.1KG, 1
bacon 98% fat free 125g, 54.56 , kg, 6.82, 0.125KG, 1
olive grove mix dip 200g, 20.6, kg, 4.12, 0.2KG, 1
skinny tzatziki dip 200g, 20.6, kg, 4.12, 0.2KG, 1
avocado dip with lemon and sea salt 200g, 20.6, kg, 4.12, 0.2KG, 1
tzatziki dip 200g, 21.5, kg, 4.29, 0.2KG, 1
traditional pumpkin hommus dip 200g, 21.4, kg, 4.28, 0.2KG, 1
hot smoked salmon 185g, 43.24 , kg, 8.00, 0.185KG, 1
avocado dip mini tub 3 pack 180g, 15.9, kg, 2.86, 0.18KG, 1
pepperoni style salami 250g, 14.80 , kg, 3.70, 0.25KG, 1
pork loin chops 2-3 pieces  400g, 18.00 , kg, 7.20, 0.4KG, 1
rindless pan size bacon 200g, 24.50 , kg, 4.90, 0.2KG, 1
free range satay chicken breast skewers 300g, 25.00 , kg, 7.50, 0.3KG, 1
free range chicken breast schnitzel  350g, 28.80 , kg, 10.08, 0.35KG, 1
lamb rump steaks  350g, 23.00 , kg, 8.05, 0.35KG, 1
short cut australian rindless bacon 200g, 34.65 , kg, 6.93, 0.2KG, 1
chicken wings 8 pieces  900g, 5.90 , kg, 5.31, 0.9KG, 1
beef meatballs 420g, 13.10 , kg, 5.50, 0.42KG, 1
sausage mince 500g, 7.00 , kg, 3.50, 0.5KG, 1
sun dried tomato dip 200g, 14.3, kg, 2.86, 0.2KG, 1
beef rump steak  850g, 17.00 , kg, 14.45, 0.85KG, 1
australian sliced roast beef 200g, 31.90 , kg, 6.38, 0.2KG, 1
australian double smoked sliced ham 200g, 31.90 , kg, 6.38, 0.2KG, 1
smoked sliced ham 100g, 33.00 , kg, 3.30, 0.1KG, 1
honey bbq beef sausages 560g, 8.04 , kg, 4.50, 0.56KG, 1
sliced rare blackforest roast beef  125g, 23.00 , kg, 2.88, 0.125KG, 1
classic pasta salad medium tub, 5.00 , kg, 5.00, classic pasta salad medium tub 1 each, 1
thawed skin off blue grenadier fillets  400g, 10.00 , kg, 4.00, 0.4KG, 1
ricotta cheese  125g, 8.90 , kg, 1.11, 0.125KG, 1
sliced lite swiss jarlsberg  100g, 22.00 , kg, 2.20, 0.1KG, 1
danish fetta  325g, 15.00 , kg, 4.88, 0.325KG, 1
swiss jarlsberg  100g, 22.00 , kg, 2.20, 0.1KG, 1
primo chorizos, 3.00 , kg, 3.00, primo chorizos 1 each, 1
hans oliving mild twiggys  150g, 30.00 , kg, 4.50, 0.15KG, 1
chicken and mushroom sausages 500g, 16.00 , kg, 8.00, 0.5KG, 1
jamaican jerk chicken portions 1.4kg, 7.79 , kg, 10.90, jamaican jerk chicken portions 1.4kg, 1
beef burgers 6 pack 375g, 16.00 , kg, 6.00, 0.375KG, 1
beef marrow bones  1., 4.50 , kg, 4.95, 1kg, 1
honey ham 400g, 23.38 , kg, 9.35, 0.4KG, 1
philadelphia sweet chilli pourover dip 250g, 17.6, kg, 4.39, 0.25KG, 1
free range chicken drumsticks  630g, 6.79 , kg, 4.28, 0.63KG, 1
kangaroo mince, 8.99 , kg, 8.99, 1kg, 1
budget beef burgers 10 pack, 8.50 , kg, 8.50, 1kg, 1
classic smooth hommus 220g, 20.0, kg, 4.39, 0.22KG, 1
lite shaved chicken breast 100g, 42.40 , kg, 4.24, 0.1KG, 1
choice pancetta 100g, 72.50 , kg, 7.25, 0.1KG, 1
sliced smoked turkey 100g, 40.20 , kg, 4.02, 0.1KG, 1
sliced thin mild salami 200g, 34.10 , kg, 6.82, 0.2KG, 1
chicken knob roll 250g, 15.20 , kg, 3.80, 0.25KG, 1
smoked salmon 200g, 66.00 , kg, 13.20, 0.2KG, 1
chunky baby spinach with cashew and parmesan dip 150g, 33.0, kg, 4.95, 0.15KG, 1
traditional hommus dip, 10.8, kg, 10.78, 1kg, 1
chicken burger 510g, 13.71 , kg, 6.99, 0.51KG, 1
herb sprinkled chicken portions  1.5kg, 7.50 , kg, 11.25, rspca approved herb sprinkled chicken portions approx. 1.5kg, 1
mixed olives 150g, NA, kg, N, 0.15KG, A
pork belly roast, 17.00 , kg, 17.00, 1kg, 1
chicken maryland 2 pieces  850g, 5.90 , kg, 5.02, 0.85KG, 1
beef porterhouse steak 1-2 pieces  250g, 23.00 , kg, 5.75, 0.25KG, 1
smoked hickory bacon 400g, 19.25 , kg, 7.70, 0.4KG, 1
pork scotch fillet steak 3-4 pieces  500g, 19.00 , kg, 9.50, 0.5KG, 1
rindless australian pan size bacon 200g, 30.25 , kg, 6.05, 0.2KG, 1
sticky bbq lamb ribs 750g, 13.33 , kg, 10.00, 0.75KG, 1
danish mild salami 200g, 23.10 , kg, 4.62, 0.2KG, 1
beef eye fillet steak 2-3 pieces  250g, 42.00 , kg, 10.50, 0.25KG, 1
beef chuck casserole steak  400g, 12.00 , kg, 4.80, 0.4KG, 1
beef scotch fillet steak 1-2 piece  200g, 30.00 , kg, 6.00, 0.2KG, 1
thin pork bbq sausages 1.7kg, 5.00 , kg, 8.50, thin pork bbq sausages 1.7kg, 1
veal stir fry 500g, 17.00 , kg, 8.50, 0.5KG, 1
smoked salmon 200g, 46.75 , kg, 9.35, 0.2KG, 1
mini angus beef burgers 240g, 20.83 , kg, 5.00, 0.24KG, 1
chicken stir fry strips  550g, 18.50 , kg, 10.18, 0.55KG, 1
chicken breast schnitzel steak 4 pieces  600g, 18.00 , kg, 10.80, 0.6KG, 1
salmon fillets skin on 300g, 39.29 , kg, 11.00, 0.3KG, 1
salmon fillets skin off 300g, 46.43 , kg, 13.00, 0.3KG, 1
australian chicken breast sliced 200g, 31.90 , kg, 6.38, 0.2KG, 1
australian sliced roast pork 200g, 31.90 , kg, 6.38, 0.2KG, 1
classic potato salad snack tub, 1.50 , kg, 1.50, classic potato salad snack tub 1 each, 1
mild hungarian salami  250g, 26.00 , kg, 6.50, 0.25KG, 1
classic potato salad small tub, 4.00 , kg, 4.00, classic potato salad small tub 1 each, 1
auricchio pecorino romano  100g, 30.00 , kg, 3.00, 0.1KG, 1
thawed squid tubes  500g, 15.00 , kg, 7.50, 0.5KG, 1
thawed seafood marinara mix  250g, 11.00 , kg, 2.75, 0.25KG, 1
thawed pink ling fillets  250g, 21.00 , kg, 5.25, 0.25KG, 1
chicken kiev, 4.20 , kg, 4.20, chicken kiev 1 each, 1
fresh sydney rock oysters 12 pack, 1.08 , kg, 13.00, fresh sydney rock oysters 12 pack, 1
green marinated olives with chilli and garlic  250g, 22.00 , kg, 5.50, 0.25KG, 1
thawed cooked black tiger prawns  250g, 31.00 , kg, 7.75, 0.25KG, 1
classic pasta salad snack tub, 1.50 , kg, 1.50, classic pasta salad snack tub 1 each, 1
quinoa and tabouleh salad small tub, 5.00 , kg, 5.00, quinoa and tabouleh salad small tub 1 each, 1
sliced primo hgp free pastrami  125g, 24.00 , kg, 3.00, 0.125KG, 1
edgell hash browns, 0.50 , kg, 0.50, edgell hash browns 1 each, 1
free range pork mince  500g, 11.00 , kg, 5.50, 0.5KG, 1
original angus beef sausages 500g, 16.00 , kg, 8.00, 0.5KG, 1
angus beef burgers 320g, 23.44 , kg, 7.50, 0.32KG, 1
italian pork sausages 500g, 16.00 , kg, 8.00, 0.5KG, 1
satay chicken skewers 450g, 14.44 , kg, 6.50, 0.45KG, 1
bacon wrapped roast chicken parcels 600g, 20.00 , kg, 12.00, 0.6KG, 1
original off the bone sliced leg ham 100g, 44.00 , kg, 4.40, 0.1KG, 1
roasted chicken breast  400g, 20.99 , kg, 8.40, 0.4KG, 1
flavoured beef mini roast  500g, 15.00 , kg, 7.50, 0.5KG, 1
satay chicken kebabs 10 pack, 16.13 , kg, 12.90, satay chicken kebabs 10 pack, 1
lemon and herb chicken thigh steaks 500g, 17.98 , kg, 8.99, 0.5KG, 1
shredded ham twin pack 300g, 13.67 , kg, 4.10, 0.3KG, 1
pepperoni 250g, 25.32 , kg, 6.33, 0.25KG, 1
shaved 97% fat free chicken breast 200g, 34.10 , kg, 6.82, 0.2KG, 1
free range shaved ham 100g, 4.39 , kg, 4.39, 0.1KG, 1
family roast chicken  2., 5.80 , kg, 12.18, 1kg, 1
royal tasmanian atlantic smoked salmon 200g, 50.05 , kg, 10.01, 0.2KG, 1
sweet potato with sesame and pistachio 150g, 33.0, kg, 4.95, 0.15KG, 1
kalamata olive dip 200g, NA, kg, N, 0.2KG, A
avocado dip 200g, NA, kg, N, 0.2KG, A
farmer's best beetroot tzatziki dip 200g, 21.5, kg, 4.29, 0.2KG, 1
thick cumberland sausages 500g, 14.00 , kg, 7.00, 0.5KG, 1
crunchy garlic chicken breast 510g, 13.71 , kg, 6.99, 0.51KG, 1
free range satay chicken breast skewers 300g, 25.00 , kg, 7.50, 0.3KG, 1
free range chicken breast schnitzel  350g, 28.80 , kg, 10.08, 0.35KG, 1
cheeseboard selection 275g, 39.02 , kg, 10.73, 0.275KG, 1
organic beef chevaps 500g, 14.00 , kg, 7.00, 0.5KG, 1
beef sizzle steaks 450g, 17.78 , kg, 8.00, 0.45KG, 1
bbq pack, 12.00 , kg, 12.00, 1kg, 1
extra large whole chicken  2.3kg, 4.70 , kg, 10.81, rspca approved extra large whole chicken approx. 2.3kg, 1
beef blade casserole steak  300g, 13.95 , kg, 4.19, 0.3KG, 1
whole beef eye fillet  500g, 39.00 , kg, 19.50, 0.5KG, 1
chicken breast kiev 2 pieces 350g, 21.00 , kg, 7.35, 0.35KG, 1
diced bacon 200g, 19.25 , kg, 3.85, 0.2KG, 1
lamb shanks 2 pieces  800g, 13.99 , kg, 11.19, 0.8KG, 1
pork forequarter chops 2-3 pieces  750g, 10.50 , kg, 7.88, 0.75KG, 1
herb and mustard lamb leg mini roast, 20.99 , kg, 20.99, 1kg, 1
pork cutlets 2-3 pieces  500g, 20.50 , kg, 10.25, 0.5KG, 1
beef t bone steak 1 piece  350g, 22.00 , kg, 7.70, 0.35KG, 1
lamb sirloin  200g, 40.00 , kg, 8.00, 0.2KG, 1
extra trim beef porterhouse steak 1-2 pieces  400g, 32.00 , kg, 12.80, 0.4KG, 1
hot smoked pepper salmon 185g, 47.57 , kg, 8.80, 0.185KG, 1
easy carve pork shoulder roast  2., 9.50 , kg, 19.95, 1kg, 1
lamb rack roast  550g, 34.00 , kg, 18.70, 0.55KG, 1
sicilian olives with lemon and garlic 150g, NA, kg, N, 0.15KG, A
lamb bones  1.3kg, 3.70 , kg, 4.81, lamb bones approx. 1.3kg, 1
shortcut british bacon 200g, 33.00 , kg, 6.60, 0.2KG, 1
crumbed dory fillets 400g, 30.00 , kg, 12.00, 0.4KG, 1
australian herb and garlic roast chicken breast sliced 150g, 36.67 , kg, 5.50, 0.15KG, 1
english sliced ham twin pack 300g, 20.90 , kg, 6.27, 0.3KG, 1
australian sweet chilli roast chicken breast strips 150g, 5.50 , kg, 5.50, 0.15KG, 1
thawed raw banana prawns  250g, 22.00 , kg, 5.50, 0.25KG, 1
thin frankfurts  250g, 7.50 , kg, 1.88, 0.25KG, 1
mild flat sopressa salami  125g, 29.00 , kg, 3.63, 0.125KG, 1
fresh cooked black tiger prawns  250g, 31.00 , kg, 7.75, 0.25KG, 1
thawed garlic prawns  250g, 27.00 , kg, 6.75, 0.25KG, 1
boneless proscuitto  150g, 47.00 , kg, 7.05, 0.15KG, 1
thawed raw large king prawns  250g, 22.00 , kg, 5.50, 0.25KG, 1
classic coleslaw small tub, 4.00 , kg, 4.00, classic coleslaw small tub 1 each, 1
thawed cooked king prawns  250g, 25.00 , kg, 6.25, 0.25KG, 1
classic coleslaw salad snack tub, 1.50 , kg, 1.50, classic coleslaw salad snack tub 1 each, 1
quinoa and tabouleh salad medium tub, 6.00 , kg, 6.00, quinoa and tabouleh salad medium tub 1 each, 1
thawed imported garlic prawn skewer, 1.50 , kg, 1.50, thawed imported garlic prawn skewer 1 each, 1
hans oliving hot twiggys  150g, 30.00 , kg, 4.50, 0.15KG, 1
leek and bacon quiche 1., 12.0, kg, 13.25, 1kg, 1
free range pork porterhouse steak  350g, 25.00 , kg, 8.75, 0.35KG, 1
wagyu beef burgers 320g, 23.44 , kg, 7.50, 0.32KG, 1
cumberland pork sausages 500g, 16.00 , kg, 8.00, 0.5KG, 1
beef butterfly with pepper and chilli  1., 18.00 , kg, 21.60, beef butterfly with pepper and chilli approx. 1.2kg, 1
butterflied moroccan spiced chicken, 9.90 , kg, 9.90, 1kg, 1
lemon and herb chicken breast 500g, 19.80 , kg, 9.90, 0.5KG, 1
chicken roast 3 cheese and bacon stuffing, 15.00 , kg, 15.00, 1kg, 1
slow cook mediterranean lamb 680g, 20.59 , kg, 14.00, 0.68KG, 1
chicken filo parcel 400g, 27.50 , kg, 11.00, 0.4KG, 1
chicken wrapped in serrano ham and stuffed with cream cheese and herbs 440g, 34.15 , kg, 14.00, 0.44KG, 1
thai style chicken sausages 375g, 16.00 , kg, 6.00, 0.375KG, 1
beef sausages 375g, 16.00 , kg, 6.00, 0.375KG, 1
beef soup bones  1., 5.95 , kg, 6.55, 1kg, 1
ham and chicken knob, 3.15 , kg, 3.15, 1kg, 1
sliced hot salami 50% less fat 100g, 45.10 , kg, 4.51, 0.1KG, 1
chorizo 375g, 19.07 , kg, 7.15, 0.375KG, 1
double smoked ham 400g, 23.38 , kg, 9.35, 0.4KG, 1
traditional european chevaps 400g, 15.00 , kg, 6.00, 0.4KG, 1
grassfed beef stirfry 500g, 18.00 , kg, 9.00, 0.5KG, 1
chicken thigh fillets skin off  450g, 27.20 , kg, 12.24, 0.45KG, 1
lemon and herb basa 260g, 26.92 , kg, 7.00, 0.26KG, 1
mediteranean beef sausage 450g, 14.44 , kg, 6.50, 0.45KG, 1
savoury garlic hommus dip 220g, 22.0, kg, 4.84, 0.22KG, 1
bbq chicken kebabs 10 pack, 16.13 , kg, 12.90, bbq chicken kebabs 10 pack, 1
chicken kebab honey soy 10 pack, 16.13 , kg, 12.90, chicken kebab honey soy 10 pack, 1
short cut rindless bacon 175g, 31.14 , kg, 5.45, 0.175KG, 1
sliced reduced fat salami 100g, 42.40 , kg, 4.24, 0.1KG, 1
shaved honey baked leg ham 100g, 40.20 , kg, 4.02, 0.1KG, 1
capsicum and basil dip 150g, 33.7, kg, 5.05, 0.15KG, 1
hommus dip 200g, 22.0, kg, 4.40, 0.2KG, 1
turkey rissoles 400g, 16.25 , kg, 6.50, 0.4KG, 1
delish spinach and fetta dip 200g, 21.5, kg, 4.29, 0.2KG, 1
chunky red capsicum with fetta and cashew dip 150g, 33.0, kg, 4.95, 0.15KG, 1
classic creamed beetroot dip 200g, NA, kg, N, 0.2KG, A
authentic boneless leg ham  700g, 17.60 , kg, 12.32, 0.7KG, 1
skinny spicy capsicum dip 200g, 21.5, kg, 4.29, 0.2KG, 1
farmer's best caramelised onion dip 200g, 21.5, kg, 4.29, 0.2KG, 1
spicy capsicum dip 200g, 20.6, kg, 4.12, 0.2KG, 1
hommus dip with dukkah 200g, 21.5, kg, 4.29, 0.2KG, 1
caviar dip 200g, 21.5, kg, 4.29, 0.2KG, 1
hommus dip topped with thai chilli and coriander 200g, 21.5, kg, 4.29, 0.2KG, 1
thick pork sausages 500g, 14.00 , kg, 7.00, 0.5KG, 1
beef porterhouse steak 1-2 pieces  400g, 38.00 , kg, 15.20, 0.4KG, 1
lamb cutlets  500g, 40.99 , kg, 20.50, 0.5KG, 1
beef sausages 480g, 16.67 , kg, 8.00, 0.48KG, 1
meatballs 400g, 16.25 , kg, 6.50, 0.4KG, 1
beef chuck casserole steak  800g, 12.00 , kg, 9.60, 0.8KG, 1
pork spare ribs 2-3 pieces  300g, 17.00 , kg, 5.10, 0.3KG, 1
half corned beef silverside  3.5kg, 6.90 , kg, 24.15, half corned beef silverside approx. 3.5kg, 1
semi dried australian tomatoes 150g, NA, kg, N, 0.15KG, A
baby peppers with australian fetta 150g, NA, kg, N, 0.15KG, A
pork loin chops 5-6 pieces  850g, 18.00 , kg, 15.30, 0.85KG, 1
gravy beef casserole steak  550g, 11.00 , kg, 6.05, 0.55KG, 1
short cut australian rindless bacon 600g, 22.92 , kg, 13.75, 0.6KG, 1
spicy capsicum dip 200g, 14.3, kg, 2.86, 0.2KG, 1
beef and cheese meatballs 420g, 13.10 , kg, 5.50, 0.42KG, 1
easy carve rolled pork loin roast  1.5kg, 16.00 , kg, 24.00, easy carve rolled pork loin roast approx. 1.5kg, 1
veal schnitzel crumbed  350g, 24.00 , kg, 8.40, 0.35KG, 1
beetroot dip 200g, 14.3, kg, 2.86, 0.2KG, 1
boneless virginian leg ham portion  800g, 16.65 , kg, 13.32, 0.8KG, 1
free range satay chicken breast skewers 300g, 25.00 , kg, 7.50, 0.3KG, 1
free range chicken breast schnitzel  350g, 28.80 , kg, 10.08, 0.35KG, 1
regular easy carve pork leg roast  1.7kg, 11.00 , kg, 18.70, regular easy carve pork leg roast approx. 1.7kg, 1
lamb fillet  200g, 44.00 , kg, 8.80, 0.2KG, 1
chicken lovely legs 6-8 pieces  900g, 8.00 , kg, 7.20, 0.9KG, 1
australian sliced corned beef silverside 200g, 31.90 , kg, 6.38, 0.2KG, 1
australian tikka roast chicken breast strips 150g, NA, kg, N, 0.15KG, A
honey sliced ham twin pack 300g, 20.90 , kg, 6.27, 0.3KG, 1
australian sliced turkey breast 200g, 31.9, kg, 6.38, 0.2KG, 1
beef cheeks  550g, 11.00 , kg, 6.05, 0.55KG, 1
mortadella  125g, 11.40 , kg, 1.43, 0.125KG, 1
honey soy chicken nibbles  400g, 6.99 , kg, 2.80, 0.4KG, 1
thawed cooked imported peeled prawns tail on  250g, 28.00 , kg, 7.00, 0.25KG, 1
delre black jack cheddar  100g, 14.50 , kg, 1.45, 0.1KG, 1
fresh chilli and lime atlantic salmon portion  250g, 29.90 , kg, 7.48, 0.25KG, 1
cooked and peeled prawn plate 200g, 8.00 , kg, 8.00, 0.2KG, 1
shaved primo seasoned roast pork  125g, 21.50 , kg, 2.69, 0.125KG, 1
thawed raw imported peeled prawns  250g, 28.00 , kg, 7.00, 0.25KG, 1
classic pasta salad small tub, 4.00 , kg, 4.00, classic pasta salad small tub 1 each, 1
classic pasta salad jumbo tub, 10.00 , kg, 10.00, classic pasta salad jumbo tub 1 each, 1
classic coleslaw salad large tub, 6.00 , kg, 6.00, classic coleslaw salad large tub 1 each, 1
classic coleslaw salad medium tub, 5.00 , kg, 5.00, classic coleslaw salad medium tub 1 each, 1
mild free range salami  250g, 26.00 , kg, 6.50, 0.25KG, 1
chorizo salami sliced  250g, 26.00 , kg, 6.50, 0.25KG, 1
hickory smoked bacon  250g, 15.00 , kg, 3.75, 0.25KG, 1
chicken and mushroom parcel, 3.90 , kg, 3.90, chicken and mushroom parcel 1 each, 1
fresh fruit platter, 30.00 , kg, 30.00, fresh fruit platter 1 each, 1
patchett pies small pork pie, 31.5, kg, 3.15, patchett pies small pork pie 1 each, 1
angus beef porterhouse steak 1 piece  300g, 34.99 , kg, 10.50, 0.3KG, 1
lamb rump steak marinated in rosemary and mint  500g, 25.50 , kg, 12.75, 0.5KG, 1
beef fajita strips 500g, 16.00 , kg, 8.00, 0.5KG, 1
chicken breast white wine and cream sauce 460g, 21.74 , kg, 10.00, 0.46KG, 1
lamb filo parcels with fetta apricot and pumpkin 400g, 35.00 , kg, 14.00, 0.4KG, 1
hardwood smoked sliced ham 200g, 22.50 , kg, 4.50, 0.2KG, 1
pork toulouse sausage 500g, 13.00 , kg, 6.50, 0.5KG, 1
kids snags beef chipolatas 400g, 17.50 , kg, 7.00, 0.4KG, 1
pork and duck sausages with shallots and sea salt 500g, 14.00 , kg, 7.00, 0.5KG, 1
whole corn fed chicken  1.6kg, 10.40 , kg, 16.64, whole corn fed chicken approx. 1.6kg, 1
grassfed beef rump steak 1 piece  230g, 21.00 , kg, 4.83, 0.23KG, 1
rindless middle bacon 500g, 19.80 , kg, 9.90, 0.5KG, 1
smoked ham 100g, 44.00 , kg, 4.40, 0.1KG, 1
remarkable beef burgers 2 pack 320g, 25.00 , kg, 8.00, 0.32KG, 1
pork and sage sausage 500g, 16.00 , kg, 8.00, 0.5KG, 1
black caviar 50g, 121.00 , kg, 6.05, 0.05KG, 1
whole organic chicken  1.7kg, 11.90 , kg, 20.23, whole organic chicken approx. 1.7kg, 1
garlic prawns 300g, 40.00 , kg, 12.00, 0.3KG, 1
lemon and herb salmon 305g, 42.62 , kg, 13.00, 0.305KG, 1
beef eye fillet steak 2 pieces  360g, 49.00 , kg, 17.64, 0.36KG, 1
beef scotch fillet steak 1 piece  250g, 38.00 , kg, 9.50, 0.25KG, 1
sweet chilli and lime dip 185g, 14.9, kg, 2.75, 0.185KG, 1
light french onion dip 185g, 14.9, kg, 2.75, 0.185KG, 1
free range ginger and chilli split bird chicken, 9.60 , kg, 9.60, 1kg, 1
free range chicken mini roast 2 pack 600g, 21.67 , kg, 13.00, 0.6KG, 1
kangaroo burgers 440g, 12.02 , kg, 5.29, 0.44KG, 1
kangaroo steak  380g, 17.49 , kg, 6.65, 0.38KG, 1
homestyle chicken slices 125g, 46.24 , kg, 5.78, 0.125KG, 1
beef pepper and thyme sausage 450g, 14.44 , kg, 6.50, 0.45KG, 1
thai basil and coriander pork sausages 500g, 14.00 , kg, 7.00, 0.5KG, 1
beef lasagne 1.6kg, 8.00 , kg, 12.80, beef lasagne 1.6kg, 1
english sliced ham 200g, 34.10 , kg, 6.82, 0.2KG, 1
sliced prosciutto 100g, 79.10 , kg, 7.91, 0.1KG, 1
hungarian bevel cut salami 200g, 26.15 , kg, 5.23, 0.2KG, 1
thai chilli dip 150g, 33.7, kg, 5.05, 0.15KG, 1
beetroot and fetta dip 150g, 33.7, kg, 5.05, 0.15KG, 1
spicy mango lime and cashews dip 150g, 33.0, kg, 4.95, 0.15KG, 1
crumbed turkey schnitzel  350g, 19.99 , kg, 7.00, 0.35KG, 1
smoked salmon 100g, 88.00 , kg, 8.80, 0.1KG, 1
smoked salmon 50g, 121.00 , kg, 6.05, 0.05KG, 1
hot smoked natural salmon 185g, 59.46 , kg, 11.00, 0.185KG, 1
classic mediterranean eggplant dip 200g, NA, kg, N, 0.2KG, A
classic traditional egg salad dip 200g, NA, kg, N, 0.2KG, A
smoked salmon 100g, 66.00 , kg, 6.60, 0.1KG, 1
classic italian olive dip 200g, NA, kg, N, 0.2KG, A
sweet potato and cashews dip 200g, NA, kg, N, 0.2KG, A
prosciutto 80g, 9.49 , kg, 7.59, 0.08KG, 1
long rindless bacon 400g, 20.63 , kg, 8.25, 0.4KG, 1
farmer's best tzatziki dip 200g, 21.5, kg, 4.29, 0.2KG, 1
farmer's best hommus dip with garlic 200g, 21.5, kg, 4.29, 0.2KG, 1
farmer's best guacamole dip 200g, 21.5, kg, 4.29, 0.2KG, 1
basil and cashew dip 200g, 21.5, kg, 4.29, 0.2KG, 1
cheese and chives dip 200g, 21.5, kg, 4.29, 0.2KG, 1
wellbeing no fat tzatziki dip 200g, 21.4, kg, 4.28, 0.2KG, 1
skinny sweet potato dip 200g, 21.4, kg, 4.28, 0.2KG, 1
wellbeing cucumber and fresh herbs dip 200g, 21.4, kg, 4.28, 0.2KG, 1
sweet chilli chicken strips 440g, 18.16 , kg, 7.99, 0.44KG, 1
lamb sausages 480g, 16.67 , kg, 8.00, 0.48KG, 1
beef stir fry  500g, 20.00 , kg, 10.00, 0.5KG, 1
beef rump steak  400g, 29.00 , kg, 11.60, 0.4KG, 1
double smoked ham leg portion  2.5kg, 10.00 , kg, 25.00, double smoked ham leg portion approx. 2.5kg, 1
mediterranean mix 150g, NA, kg, N, 0.15KG, A
beef osso bucco 2-3 pieces  550g, 12.00 , kg, 6.60, 0.55KG, 1
veal roast  900g, 10.99 , kg, 9.89, 0.9KG, 1
ox tail, 8.99 , kg, 8.99, 1kg, 1
chicken livers  500g, 7.50 , kg, 3.75, 0.5KG, 1
beef sandwich steak  200g, 14.94 , kg, 2.99, 0.2KG, 1
beef oyster blade steak 4-5 pieces  450g, 12.99 , kg, 5.85, 0.45KG, 1
pork spare ribs 8-10 pieces  850g, 17.00 , kg, 14.45, 0.85KG, 1
basil pesto gourmet dip 150g, 19.1, kg, 2.86, 0.15KG, 1
parmigiana rissoles 6 pack, 11.93 , kg, 5.25, parmigiana rissoles 6 pack, 1
beef scotch fillet steak 5-6 pieces  1.1g, 30.00 , kg, 33.00, 0.001KG, 1
beef porterhouse steak 4-5 pieces  850g, 23.00 , kg, 19.55, 0.85KG, 1
lamb fry  850g, 5.50 , kg, 4.68, 0.85KG, 1
free range satay chicken breast skewers 300g, 25.00 , kg, 7.50, 0.3KG, 1
free range chicken breast schnitzel  350g, 28.80 , kg, 10.08, 0.35KG, 1
beef brisket bones, 4.50 , kg, 4.50, 1kg, 1
smoked ham loin portion  600g, 20.00 , kg, 12.00, 0.6KG, 1
southern style chicken tenders 400g, 21.00 , kg, 8.40, 0.4KG, 1
salt reduced corned beef silverside, 11.00 , kg, 11.00, 1kg, 1
smoked salmon for cooking 150g, 40.33 , kg, 6.05, 0.15KG, 1
half leg ham bone in  4kg, 6.00 , kg, 24.00, half leg ham bone in approx. 4kg, 1
smoked sliced ham twin pack 300g, 20.90 , kg, 6.27, 0.3KG, 1
caramalised vegetables 150g, NA, kg, N, 0.15KG, A
easy carve lamb leg roast  1.3kg, 20.00 , kg, 26.00, easy carve lamb leg roast approx. 1.3kg, 1
large classic entertaining platter, 35.00 , kg, 35.00, large classic entertaining platter 1 each, 1
thawed roe on imported scallops  250g, 26.00 , kg, 6.50, 0.25KG, 1
stuffed vine leaves dolmades, 0.45 , kg, 0.45, stuffed vine leaves dolmades 1 each, 1
hot hungarian salami  250g, 26.00 , kg, 6.50, 0.25KG, 1
thawed seafood highlighter  250g, 7.50 , kg, 1.88, 0.25KG, 1
thawed imported nile perch fillets  400g, 20.00 , kg, 8.00, 0.4KG, 1
olives to go medium tub, 7.00 , kg, 7.00, olives to go medium tub 1 each, 1
hot flat sopressa salami  125g, 29.00 , kg, 3.63, 0.125KG, 1
yarra valley marinated persian fetta 250g, 60.00 , kg, 15.00, 0.25KG, 1
mild pancetta  150g, 26.20 , kg, 3.93, 0.15KG, 1
serrano proscuitto  150g, 46.00 , kg, 6.90, 0.15KG, 1
king island dairy double cream brie  100g, 51.50 , kg, 5.15, 0.1KG, 1
thawed raw imported peeled prawns tail on  250g, 28.00 , kg, 7.00, 0.25KG, 1
delre mini chol  100g, 36.00 , kg, 3.60, 0.1KG, 1
greek fetta, 29.70 , kg, 29.70, 1kg, 1
thawed cooked vannamei prawns  250g, 19.00 , kg, 4.75, 0.25KG, 1
thawed imported smoked cod fillets  375g, 15.00 , kg, 5.63, 0.375KG, 1
fresh raw blue swimmer crab  250g, 19.99 , kg, 5.00, 0.25KG, 1
greek salad small tub, 5.00 , kg, 5.00, greek salad small tub 1 each, 1
classic coleslaw salad jumbo tub, 10.00 , kg, 10.00, classic coleslaw salad jumbo tub 1 each, 1
classic pasta salad large tub, 6.00 , kg, 6.00, classic pasta salad large tub 1 each, 1
greek salad jumbo tub, 11.00 , kg, 11.00, greek salad jumbo tub 1 each, 1
greek salad large tub, 7.00 , kg, 7.00, greek salad large tub 1 each, 1
classic potato salad medium tub, 5.00 , kg, 5.00, classic potato salad medium tub 1 each, 1
provolone mild dolce  250g, 24.00 , kg, 6.00, 0.25KG, 1
quinoa and tabouleh salad large tub, 7.00 , kg, 7.00, quinoa and tabouleh salad large tub 1 each, 1
quinoa and tabouleh salad snack tub, 2.50 , kg, 2.50, quinoa and tabouleh salad snack tub 1 each, 1
primo kransky, 2.00 , kg, 2.00, primo kransky 1 each, 1
chicken and sweetcorn risotto cake, 1.20 , kg, 1.20, chicken and sweetcorn risotto cake 1 each, 1
hans oliving pansize bacon  250g, 17.00 , kg, 4.25, 0.25KG, 1
hans oliving traditional ham  125g, 24.00 , kg, 3.00, 0.125KG, 1
small party platter, 20.00 , kg, 20.00, small party platter 1 each, 1
blue mussels, 10.00 , kg, 10.00, blue mussels 1 each, 1
beef lasagne  250g, 8.00 , kg, 2.00, 0.25KG, 1
large raw king prawns  250g, 22.00 , kg, 5.50, 0.25KG, 1
boneless free range pork rib eye roast  1.3kg, 14.00 , kg, 18.20, boneless free range pork rib eye roast approx. 1.3kg, 1
smoked tasmanian salmon 100g, 86.90 , kg, 8.69, 0.1KG, 1
angus beef scotch fillet 1 piece  350g, 39.99 , kg, 14.00, 0.35KG, 1
pork and beef bratwurst 500g, 16.00 , kg, 8.00, 0.5KG, 1
beef boerewors 500g, 16.00 , kg, 8.00, 0.5KG, 1
plum and ginger butterflied pork  1.3kg, 14.00 , kg, 18.20, plum and ginger butterflied pork approx. 1.3kg, 1
butterfly lamb leg marinated in olive oil rosemary and garlic  1., 20.99 , kg, 23.09, 1kg, 1
smoked bbq beef ribs 700g, 20.00 , kg, 14.00, 0.7KG, 1
smokey bbq chicken ribs 500g, 13.00 , kg, 6.50, 0.5KG, 1
tandoori chicken drumsticks  1., 8.00 , kg, 8.80, 1kg, 1
chicken breast strips sweet chilli lime 500g, 19.80 , kg, 9.90, 0.5KG, 1
boneless chicken roast with apricot and herb stuffing, 15.00 , kg, 15.00, 1kg, 1
beef braised in red wine 680g, 17.65 , kg, 12.00, 0.68KG, 1
slow cooked pork and apple 680g, 20.59 , kg, 14.00, 0.68KG, 1
economy beef porterhouse steak 5-6 pieces, 18.99 , kg, 18.99, 1kg, 1
knob devon ham, 3.47 , kg, 3.47, 1kg, 1
mediterranean hummus dip 200g, 27.5, kg, 5.50, 0.2KG, 1
beetroot hummus dip 200g, 27.5, kg, 5.50, 0.2KG, 1
harissa hummus dip 200g, 27.5, kg, 5.50, 0.2KG, 1
roasted garlic hummus dip 200g, 27.5, kg, 5.50, 0.2KG, 1
liverwurst latvian knob sausages 100g, 24.20 , kg, 2.42, 0.1KG, 1
strasburg knob 500g, 11.50 , kg, 5.75, 0.5KG, 1
skinless footy franks frankfurts 375g, 16.43 , kg, 6.16, 0.375KG, 1
footy frankfurts skin on 500g, 12.32 , kg, 6.16, 0.5KG, 1
calabrese sliced 100g, 45.10 , kg, 4.51, 0.1KG, 1
sliced prosciutto 100g, 60.00 , kg, 6.00, 0.1KG, 1
basil and tomato beef burgers 450g, 15.56 , kg, 7.00, 0.45KG, 1
original beef chevaps 400g, 15.00 , kg, 6.00, 0.4KG, 1
marinated octopus 300g, 40.33 , kg, 12.10, 0.3KG, 1
whole quail 4 pack 600 gram, 27.17 , kg, 16.30, 0.6KG, 1
grassfed beef porterhouse steak 1 piece  350g, 33.00 , kg, 11.55, 0.35KG, 1
grassfed beef eye fillet steak 2 pieces  330g, 47.00 , kg, 15.51, 0.33KG, 1
strassburg 500g, 13.10 , kg, 6.55, 0.5KG, 1
gypsy ham 100g, 44.00 , kg, 4.40, 0.1KG, 1
chicken leek and mushroom pie 440g, 29.55 , kg, 13.00, 0.44KG, 1
sweet and sticky bbq sauce 300ml, 1.67 , kg, 5.00, 0.3L, 1
gravalax salmon 100g, 82.50 , kg, 8.25, 0.1KG, 1
chicken drumsticks  500g, 7.50 , kg, 3.75, 0.5KG, 1
organic chicken mince  500g, 21.99 , kg, 11.00, 0.5KG, 1
salt and pepper squid 280g, 28.57 , kg, 8.00, 0.28KG, 1
marinated asian salmon 300g, 43.33 , kg, 13.00, 0.3KG, 1
chicken pate pre sliced 125g, 32.0, kg, 4.00, 0.125KG, 1
beef rump steak  400g, 27.00 , kg, 10.80, 0.4KG, 1
smoked salmon and dill dip 185g, 14.9, kg, 2.75, 0.185KG, 1
philadelphia pourover apricot and fig dip 220g, 17.5, kg, 3.85, 0.22KG, 1
whole duck  1.9kg, 10.50 , kg, 19.95, whole duck approx. 1.9kg, 1
peking duck breast roast  350g, 46.99 , kg, 16.45, 0.35KG, 1
pancake kit 590g, 33.88 , kg, 19.99, 0.59KG, 1
rendered duck fat 200g, 28.50 , kg, 5.70, 0.2KG, 1
chinese style half duck  500g, 19.90 , kg, 9.95, 0.5KG, 1
chicken wings  500g, 8.30 , kg, 4.15, 0.5KG, 1
kangaroo fillet  600g, 21.99 , kg, 13.19, 0.6KG, 1
kanga bangas 500g, 10.58 , kg, 5.29, 0.5KG, 1
kangaroo meatballs 300g, 13.33 , kg, 4.00, 0.3KG, 1
quince paste 100g, 65.80 , kg, 6.58, 0.1KG, 1
marinated goat cheese 320g, 40.63 , kg, 13.00, 0.32KG, 1
free range satay chicken breast skewers 300g, 25.00 , kg, 7.50, 0.3KG, 1
free range chicken breast schnitzel  350g, 28.80 , kg, 10.08, 0.35KG, 1
tandoori chicken slices 125g, 46.24 , kg, 5.78, 0.125KG, 1
bbq chicken breast  500g, 20.99 , kg, 10.50, 0.5KG, 1
buffalo mince 300g, 43.33 , kg, 13.00, 0.3KG, 1
champagne pate 150g, 31.9, kg, 4.79, 0.15KG, 1
roasted pine nut hommus dip 220g, 22.0, kg, 4.84, 0.22KG, 1
zesty jalapeno hommus dip 220g, 22.0, kg, 4.84, 0.22KG, 1
garnished basil pesto hommus dip 220g, 22.0, kg, 4.84, 0.22KG, 1
old english pork sausages 500g, 14.00 , kg, 7.00, 0.5KG, 1
pork mince  600g, 12.00 , kg, 7.20, 0.6KG, 1
boneless pork spare ribs  500g, 20.00 , kg, 10.00, 0.5KG, 1
boneless pork scotch roast, 15.00 , kg, 15.00, 1kg, 1
pork kakadu plum sausages 500g, 14.00 , kg, 7.00, 0.5KG, 1
hummous dip 350g, 22.0, kg, 7.70, 0.35KG, 1
eggplant and hummous dip 200g, 33.0, kg, 6.60, 0.2KG, 1
fat reduced salami 200g, 34.10 , kg, 6.82, 0.2KG, 1
original salami sticks 200g, 32.45 , kg, 6.49, 0.2KG, 1
honey shaved ham 200g, 34.10 , kg, 6.82, 0.2KG, 1
cabanossi party bites 200g, 21.20 , kg, 4.24, 0.2KG, 1
sliced salt reduced leg ham 100g, 40.20 , kg, 4.02, 0.1KG, 1
shaved free range chicken 100g, 42.40 , kg, 4.24, 0.1KG, 1
chorizo bites 150g, 40.33 , kg, 6.05, 0.15KG, 1
chunky pesto mozzarella and cashew dip 150g, 33.0, kg, 4.95, 0.15KG, 1
salad dip 200g, 22.0, kg, 4.40, 0.2KG, 1
eggplant and shallots dip 200g, 22.0, kg, 4.40, 0.2KG, 1
white wine matched cheese platter 320g, 42.28 , kg, 13.53, 0.32KG, 1
cheese selection platter 435g, 37.91 , kg, 16.49, 0.435KG, 1
turkey shanks  850g, 5.49 , kg, 4.67, 0.85KG, 1
turkey marinated thigh roast  850g, 11.80 , kg, 10.03, 0.85KG, 1
hot smoked peppercorn salmon 185g, 59.46 , kg, 11.00, 0.185KG, 1
garlic mussels 375g, 22.00 , kg, 8.25, 0.375KG, 1
quick healthy salmon hot smoked flakes 100g, 79.80 , kg, 7.98, 0.1KG, 1
tasmanian smoked salmon for cooking 200g, 33.00 , kg, 6.60, 0.2KG, 1
salt reduced smoked salmon 90g, 77.00 , kg, 6.93, 0.09KG, 1
smokey bbq pork scotch steaks  400g, 20.00 , kg, 8.00, 0.4KG, 1
delish olive medley and fetta dip 200g, 21.5, kg, 4.29, 0.2KG, 1
delish peppersweets and fetta dip 200g, 21.5, kg, 4.29, 0.2KG, 1
chunky sweet chilli red dip 150g, 33.0, kg, 4.95, 0.15KG, 1
chunky roasted pumpkin with cashew and parmesan dip 150g, 33.0, kg, 4.95, 0.15KG, 1
chunky rocket with cashew and parmesan dip 150g, 33.0, kg, 4.95, 0.15KG, 1
creamy basil and feta 200g, 20.9, kg, 4.18, 0.2KG, 1
hommus premium dip 500g, 13.2, kg, 6.60, 0.5KG, 1
baba ganoush dip 200g, NA, kg, N, 0.2KG, A
tuna pate 200g, 28.6, kg, 5.72, 0.2KG, 1
smoked trout mousse dip 200g, 33.0, kg, 6.60, 0.2KG, 1
toppers red pesto dip 200g, 21.5, kg, 4.29, 0.2KG, 1
essentials, 70.00 , kg, 70.00, essentials 1 each, 1
mini easy cut ham leg  1., 15.00 , kg, 16.50, 1kg, 1
yearling corned beef  700g, 13.50 , kg, 9.45, 0.7KG, 1
roast ham leg portion  600g, 16.00 , kg, 9.60, 0.6KG, 1
orange balsamic glazed ham  2.25kg, 19.00 , kg, 42.75, orange balsamic glazed ham approx. 2.25kg, 1
mild cacciatora 200g, 33.00 , kg, 6.60, 0.2KG, 1
hot pepperoni 200g, 33.00 , kg, 6.60, 0.2KG, 1
italian salami 200g, 33.00 , kg, 6.60, 0.2KG, 1
farmer's best garlic aioli 200g, 21.5, kg, 4.29, 0.2KG, 1
guacamole dip 200g, 21.5, kg, 4.29, 0.2KG, 1
aussie varieties dip 4 corners 400g, 17.2, kg, 6.88, 0.4KG, 1
farmer's best spinach fetta dip 200g, 21.5, kg, 4.29, 0.2KG, 1
farmer's best salmon avocado dip 200g, 21.5, kg, 4.29, 0.2KG, 1
bacon and onion dip 200g, 21.5, kg, 4.29, 0.2KG, 1
sweet potato and cashews dip 200g, 21.5, kg, 4.29, 0.2KG, 1
pop up persian eggplant dip 200g, 21.4, kg, 4.28, 0.2KG, 1
deli sweet n spicy dip 200g, 21.4, kg, 4.28, 0.2KG, 1
pop up beetroot and orange zest dip 200g, 21.4, kg, 4.28, 0.2KG, 1
seasonal olive feta and fresh dill dip 200g, 21.4, kg, 4.28, 0.2KG, 1
pure spicy kidney bean hommus dip 200g, 20.3, kg, 4.06, 0.2KG, 1
deli spicy french lentils dip 200g, 21.4, kg, 4.28, 0.2KG, 1
cheese platter 590g, 37.29 , kg, 22.00, 0.59KG, 1
trio of cheese selection 335g, 36.09 , kg, 12.09, 0.335KG, 1
organic boneless lamb loin with spinach and fetta  650g, 35.00 , kg, 22.75, 0.65KG, 1
beef eye fillet steak 1-2 pieces  375g, 50.00 , kg, 18.75, 0.375KG, 1
beef scotch steak 1 piece  400g, 40.00 , kg, 16.00, 0.4KG, 1
oregano and mint lamb leg roast, 23.99 , kg, 23.99, 1kg, 1
honey and mint lamb riblets  700g, 8.50 , kg, 5.95, 0.7KG, 1
greek butterflied lamb shoulder, 22.99 , kg, 22.99, 1kg, 1
lamb back straps  500g, 44.00 , kg, 22.00, 0.5KG, 1
semi dried tomato and capsicum pesto 150g, 19.1, kg, 2.86, 0.15KG, 1
ox heart  700g, 5.00 , kg, 3.50, 0.7KG, 1
semi boneless double smoked picnic ham  3kg, 8.00 , kg, 24.00, semi boneless double smoked picnic ham approx. 3kg, 1
pork leg roast  3kg, 8.50 , kg, 25.50, pork leg roast approx. 3kg, 1
peri peri chicken roasting portions  1.3kg, 7.50 , kg, 9.75, rspca approved peri peri chicken roasting portions approx. 1.3kg, 1
southern style chicken nibbles 400g, 18.00 , kg, 7.20, 0.4KG, 1
bbq pork ribs 1-2 pieces  400g, 19.00 , kg, 7.60, 0.4KG, 1
easy carve boneless lamb forequarter roast  1., 16.00 , kg, 17.60, 1kg, 1
veal pepper schnitzel  400g, 24.00 , kg, 9.60, 0.4KG, 1
pork leg schnitzel  350g, 20.00 , kg, 7.00, 0.35KG, 1
beef rib eye roast bone in  1.5kg, 20.00 , kg, 30.00, beef rib eye roast bone in approx. 1.5kg, 1
boneless sweet and smoked leg ham portion  800g, 16.65 , kg, 13.32, 0.8KG, 1
beef round steak  750g, 14.99 , kg, 11.24, 0.75KG, 1
slow cooked pork belly 650g, 23.08 , kg, 15.00, 0.65KG, 1
lamb kidneys  250g, 7.50 , kg, 1.88, 0.25KG, 1
frenched lamb rack roast  400g, 42.99 , kg, 17.20, 0.4KG, 1
ox kidney  950g, 5.00 , kg, 4.75, 0.95KG, 1
lamb hearts  750g, 6.50 , kg, 4.88, 0.75KG, 1
crumbed whiting fillets 270g, 33.33 , kg, 9.00, 0.27KG, 1
cheese and herb fish cakes 240g, 25.00 , kg, 6.00, 0.24KG, 1
australian buffalo chicken wing nibbles with cream dipping sauce 650g, 14.38 , kg, 9.35, 0.65KG, 1
australian roasted chicken breast pieces in herbed mayonnaise 200g, 34.65 , kg, 6.93, 0.2KG, 1
australian sticky bbq chicken wing nibbles 650g, 14.38 , kg, 9.35, 0.65KG, 1
trout 275g, 47.27 , kg, 13.00, 0.275KG, 1
crumbed fish bites 280g, 9.00 , kg, 9.00, 0.28KG, 1
free range satay chicken breast skewers 300g, 25.00 , kg, 7.50, 0.3KG, 1
free range chicken breast schnitzel  350g, 28.80 , kg, 10.08, 0.35KG, 1
battered cod 190g, 47.37 , kg, 9.00, 0.19KG, 1
marinated sweet potato feta olive and bean 150g, 24.9, kg, 3.74, 0.15KG, 1
turkey roast buffet  2.5kg, 16.00 , kg, 40.00, rspca approved turkey roast buffet approx. 2.5kg, 1
boneless lamb loin roast  700g, 26.00 , kg, 18.20, 0.7KG, 1
wing nibbles  500g, 6.20 , kg, 3.10, 0.5KG, 1
pepper mortadella  250g, 11.40 , kg, 2.85, 0.25KG, 1
olive mortadella  125g, 11.40 , kg, 1.43, 0.125KG, 1
fromager d'affinois  100g, 69.00 , kg, 6.90, 0.1KG, 1
large classic meat platter, 35.00 , kg, 35.00, large classic meat platter 1 each, 1
hommus dip 200g, 15.00 , kg, 3.00, 0.2KG, 1
tarago shadows of blue cheese  100g, 54.00 , kg, 5.40, 0.1KG, 1
fat free semi dried tomatoes  150g, 25.55 , kg, 3.83, 0.15KG, 1
fresh smoked salmon  250g, 45.00 , kg, 11.25, 0.25KG, 1
thawed seafood highlighter, 7.50 , kg, 7.50, 1kg, 1
florida spiny lobster, 30.00 , kg, 30.00, florida spiny lobster 1 each, 1
thawed cooked imported peeled prawns tail on, 28.00 , kg, 28.00, 1kg, 1
classic potato salad jumbo tub, 10.00 , kg, 10.00, classic potato salad jumbo tub 1 each, 1
castello blue cheese  250g, 43.00 , kg, 10.75, 0.25KG, 1
castello white  250g, 43.00 , kg, 10.75, 0.25KG, 1
fromager d'affinois blue cheese  100g, 78.00 , kg, 7.80, 0.1KG, 1
auricchio calcagno  100g, 33.00 , kg, 3.30, 0.1KG, 1
green olives stuffed with fetta  250g, 33.00 , kg, 8.25, 0.25KG, 1
olives to go large tub, 9.00 , kg, 9.00, olives to go large tub 1 each, 1
olives to go small tub, 5.00 , kg, 5.00, olives to go small tub 1 each, 1
auricchio asiago  100g, 33.00 , kg, 3.30, 0.1KG, 1
auricchio calcagno pepato  100g, 33.00 , kg, 3.30, 0.1KG, 1
thawed raw imported peeled prawns, 28.00 , kg, 28.00, 1kg, 1
colossal kalamata olives  125g, 21.00 , kg, 2.63, 0.125KG, 1
south cape dairy brie  250g, 43.00 , kg, 10.75, 0.25KG, 1
milawa camembert  200g, 60.00 , kg, 12.00, 0.2KG, 1
meredith dairy dill chevre 150g, 60.00 , kg, 9.00, 0.15KG, 1
delre pecorino pepato  100g, 32.00 , kg, 3.20, 0.1KG, 1
king island dairy red wax cheddar  100g, 36.00 , kg, 3.60, 0.1KG, 1
rouzaire brie nangis  250g, 78.00 , kg, 19.50, 0.25KG, 1
delre goat milk caprakaas  100g, 46.00 , kg, 4.60, 0.1KG, 1
king island dairy camembert  100g, 51.50 , kg, 5.15, 0.1KG, 1
jensens red tarago  100g, 54.00 , kg, 5.40, 0.1KG, 1
meredith dairy green label sheep milk yoghurt 500g, 15.00 , kg, 7.50, 0.5KG, 1
meredith dairy ash chevre 150g, 60.00 , kg, 9.00, 0.15KG, 1
auricchio parmigiano  100g, 48.00 , kg, 4.80, 0.1KG, 1
thawed skin on atlantic salmon fillets  250g, 29.90 , kg, 7.48, 0.25KG, 1
mersey valley vintage cheddar  250g, 26.00 , kg, 6.50, 0.25KG, 1
meredith dairy plain chevre 150g, 60.00 , kg, 9.00, 0.15KG, 1
king island dairy stokes point smoked cheddar  100g, 41.00 , kg, 4.10, 0.1KG, 1
thawed antarctic king crab  700g, 35.00 , kg, 24.50, 0.7KG, 1
tasmanian heritage st claire swiss  100g, 27.00 , kg, 2.70, 0.1KG, 1
tilba club vintage cheddar  100g, 41.00 , kg, 4.10, 0.1KG, 1
king island dairy triple cream brie  100g, 54.00 , kg, 5.40, 0.1KG, 1
smoked dutch delre  100g, 31.00 , kg, 3.10, 0.1KG, 1
auricchio grana padano  100g, 36.00 , kg, 3.60, 0.1KG, 1
baby peppers stuffed with fetta  150g, 40.00 , kg, 6.00, 0.15KG, 1
sliced hans pork brawn  125g, 14.00 , kg, 1.75, 0.125KG, 1
fresh raw blue swimmer crab  250g, 25.00 , kg, 6.25, 0.25KG, 1
fresh whole cleaned atlantic salmon  5kg, 19.99 , kg, 99.95, fresh whole cleaned atlantic salmon approx. 5kg, 1
mon pere brie  250g, 40.00 , kg, 10.00, 0.25KG, 1
thawed raw imported peeled prawns tail on, 28.00 , kg, 28.00, 1kg, 1
south cape edam ball  100g, 20.00 , kg, 2.00, 0.1KG, 1
classic potato salad large tub, 6.00 , kg, 6.00, classic potato salad large tub 1 each, 1
greek salad medium tub, 6.00 , kg, 6.00, greek salad medium tub 1 each, 1
greek salad snack tub, 2.50 , kg, 2.50, greek salad snack tub 1 each, 1
fresh wa rock lobster, 35.00 , kg, 35.00, fresh wa rock lobster 1 each, 1
great ocean road tasty cheddar  250g, 20.00 , kg, 5.00, 0.25KG, 1
great ocean road extra tasty cheddar  250g, 20.00 , kg, 5.00, 0.25KG, 1
fresh salmon sides  1.25kg, 28.00 , kg, 35.00, fresh salmon sides approx. 1.25kg, 1
thawed cooked jumbo black tiger prawns  250g, 33.00 , kg, 8.25, 0.25KG, 1
quinoa and tabouleh salad jumbo tub, 11.00 , kg, 11.00, quinoa and tabouleh salad jumbo tub 1 each, 1
marinated coriander and lemongrass salmon fillets  250g, 29.90 , kg, 7.48, 0.25KG, 1
thawed raw large tiger prawns  250g, 25.00 , kg, 6.25, 0.25KG, 1
marinated honey soy and ginger salmon fillets  250g, 29.90 , kg, 7.48, 0.25KG, 1
sweet chilli mix  150g, 25.00 , kg, 3.75, 0.15KG, 1
italian vegie mix  150g, 25.00 , kg, 3.75, 0.15KG, 1
marinated spanish bell pepper and tomato salmon fillets  250g, 29.90 , kg, 7.48, 0.25KG, 1
cooked crystal bay prawns  500g, 28.00 , kg, 14.00, 0.5KG, 1
caviar dip 200g, 15.0, kg, 3.00, 0.2KG, 1
mushroom pesto 150g, 25.0, kg, 3.75, 0.15KG, 1
green olive tapenade 150g, 2.50 , kg, 3.75, 0.15KG, 1
olive and caper tapenade 150g, 25.0, kg, 3.75, 0.15KG, 1
roasted capsicum pesto 150g, 25.0, kg, 3.75, 0.15KG, 1
chilli and lime pesto 150g, 25.0, kg, 3.75, 0.15KG, 1
mild cacciatora salami  250g, 24.00 , kg, 6.00, 0.25KG, 1
mini spinach fetta and sundried tomato quiche 45g, 26.7, kg, 1.20, 0.045KG, 1
mini beef and red wine pie 45g, 26.7, kg, 1.20, 0.045KG, 1
lamb samosa 45g, 26.7, kg, 1.20, 0.045KG, 1
pumpkin and harissa falafel 45g, 26.7, kg, 1.20, 0.045KG, 1
tassal smoked salmon 500g, 44.00 , kg, 22.00, 0.5KG, 1
potato egg and bacon salad small tub, 5.00 , kg, 5.00, potato egg and bacon salad small tub 1 each, 1
potato egg and bacon salad medium tub, 6.00 , kg, 6.00, potato egg and bacon salad medium tub 1 each, 1
potato egg and bacon salad large tub, 7.00 , kg, 7.00, potato egg and bacon salad large tub 1 each, 1
large seafood platter, 50.00 , kg, 50.00, large seafood platter 1 each, 1
filled baguette platter, 45.00 , kg, 45.00, filled baguette platter 1 each, 1
small seafood platter, 20.00 , kg, 20.00, small seafood platter 1 each, 1
small alfresco platter, 20.00 , kg, 20.00, small alfresco platter 1 each, 1
small fresh fruit platter, 15.00 , kg, 15.00, small fresh fruit platter 1 each, 1
small continental platter, 20.00 , kg, 20.00, small continental platter 1 each, 1
quiche lorraine 1., 12.0, kg, 13.25, 1kg, 1
vegie burger, 2.00 , kg, 2.00, vegie burger 1 each, 1
lemon and garlic sicilian olives  125g, 27.00 , kg, 3.38, 0.125KG, 1
angus beef eye fillet steak 1 piece  250g, 57.00 , kg, 14.25, 0.25KG, 1
free range pork fillet steak  350g, 33.00 , kg, 11.55, 0.35KG, 1
boneless free range pork leg roast  1.3kg, 14.00 , kg, 18.20, boneless free range pork leg roast approx. 1.3kg, 1
free range satay chicken breast skewers 300g, 25.00 , kg, 7.50, 0.3KG, 1
free range chicken breast schnitzel  350g, 28.80 , kg, 10.08, 0.35KG, 1
smoked honey glazed tasmanian salmon 185g, 56.49 , kg, 10.45, 0.185KG, 1
angus beef rump steak  500g, 31.99 , kg, 16.00, 0.5KG, 1
sticky bbq pork ribs  1.25kg, 15.00 , kg, 18.75, sticky bbq pork ribs approx. 1.25kg, 1
tex-mex fajita chicken strips 500g, 19.80 , kg, 9.90, 0.5KG, 1
slow cook pork shoulder bbq chilli glaze 950g, 12.63 , kg, 12.00, 0.95KG, 1
chicken breasts with tomato and smoked ham filling in a parmesan crumb. 420g, 33.33 , kg, 14.00, 0.42KG, 1
lemon garlic boneless chicken 760g, 21.05 , kg, 16.00, 0.76KG, 1
lamb leg boneless roast balsamic 1.15kg, 23.00 , kg, 26.45, lamb leg boneless roast balsamic 1.15kg, 1
beef bourguignon, 16.00 , kg, 16.00, 1kg, 1
hommus roast pumpkin and harissa dip 200g, 13.8, kg, 2.75, 0.2KG, 1
economy beef scotch fillet steak 4-5 pieces 1., 19.99 , kg, 21.99, 1kg, 1
smoked sliced beef fillet 200g, 50.50 , kg, 10.10, 0.2KG, 1
beef brisket slices 200g, 40.50 , kg, 8.10, 0.2KG, 1
veal salami  500g, 17.70 , kg, 8.85, 0.5KG, 1
boerewors  800g, 15.70 , kg, 12.56, 0.8KG, 1
no garlic beef chubbs  600g, 17.20 , kg, 10.32, 0.6KG, 1
garlic beef chubbs  600g, 17.20 , kg, 10.32, 0.6KG, 1
extra premium beef mince  500g, 20.20 , kg, 10.10, 0.5KG, 1
lamb shoulder  500g, 26.30 , kg, 13.15, 0.5KG, 1
sliced smoked brisket 200g, 43.00 , kg, 8.60, 0.2KG, 1
smoked chicken breast 200g, 53.00 , kg, 10.60, 0.2KG, 1
pariser 200g, 25.50 , kg, 5.10, 0.2KG, 1
pastrami slices 200g, 38.00 , kg, 7.60, 0.2KG, 1
aussie sausages  500g, 11.60 , kg, 5.80, 0.5KG, 1
lamb shanks  500g, 21.30 , kg, 10.65, 0.5KG, 1
beef stir fry  500g, 31.80 , kg, 15.90, 0.5KG, 1
beef scotch fillet steak 2 pieces  500g, 39.90 , kg, 19.95, 0.5KG, 1
lamb grilling chops  500g, 51.50 , kg, 25.75, 0.5KG, 1
frankfurts 500g, 16.20 , kg, 8.10, 0.5KG, 1
rolled veal slices 200g, 40.50 , kg, 8.10, 0.2KG, 1
round bone lamb chops  500g, 27.30 , kg, 13.65, 0.5KG, 1
garlic wurst 200g, 28.00 , kg, 5.60, 0.2KG, 1
chicken breast 200g, 48.00 , kg, 9.60, 0.2KG, 1
smoked gypsy veal 200g, 43.00 , kg, 8.60, 0.2KG, 1
lamb forequarter chops  500g, 27.30 , kg, 13.65, 0.5KG, 1
no garlic wurst 200g, 28.00 , kg, 5.60, 0.2KG, 1
sliced beef bola 200g, 38.00 , kg, 7.60, 0.2KG, 1
beef mince  500g, 18.20 , kg, 9.10, 0.5KG, 1
lamb rack roast  500g, 52.50 , kg, 26.25, 0.5KG, 1
cocktail frankfurts 500g, 16.20 , kg, 8.10, 0.5KG, 1
pepperoni  300g, 19.20 , kg, 5.76, 0.3KG, 1
mortadella 200g, 30.50 , kg, 6.10, 0.2KG, 1
beef burgers 500g, 20.20 , kg, 10.10, 0.5KG, 1
kransky 500g, 16.50 , kg, 8.25, 0.5KG, 1
chorizo 500g, 16.50 , kg, 8.25, 0.5KG, 1
kabana 500g, 16.50 , kg, 8.25, 0.5KG, 1
pepperoni sticks 150g, 30.00 , kg, 4.50, 0.15KG, 1
pine nut hummus dip 200g, 27.5, kg, 5.50, 0.2KG, 1
olive hummus dip 200g, 27.5, kg, 5.50, 0.2KG, 1
mozzarella 290g, 24.14 , kg, 7.00, 0.29KG, 1
deli supreme hot hungarian salami 200g, 37.40 , kg, 7.48, 0.2KG, 1
skin on footy frankfurts 750g, 9.53 , kg, 7.15, 0.75KG, 1
skinless cocktail frankfurts 600g, 11.92 , kg, 7.15, 0.6KG, 1
skinless footy franks 600g, 11.92 , kg, 7.15, 0.6KG, 1
skin on cocktail franks 750g, 9.53 , kg, 7.15, 0.75KG, 1
chopped herring 375g, 19.65 , kg, 7.37, 0.375KG, 1
red horseradish 150g, 22.0, kg, 3.30, 0.15KG, 1
pickled herring fillets 375g, 19.95 , kg, 7.48, 0.375KG, 1
matjes herring fillets 250g, 18.48 , kg, 4.62, 0.25KG, 1
red chilled horseradish 375g, 18.1, kg, 6.77, 0.375KG, 1
white horseradish 150g, 22.0, kg, 3.30, 0.15KG, 1
schmalz herring 375g, 19.65 , kg, 7.37, 0.375KG, 1
salad herring 375g, 16.72 , kg, 6.27, 0.375KG, 1
pickled american style herring 500g, 14.74 , kg, 7.37, 0.5KG, 1
bismark herring 500g, 10.78 , kg, 5.39, 0.5KG, 1
herring rollmops 500g, 10.78 , kg, 5.39, 0.5KG, 1
breaskfast pork sausages 450g, 14.44 , kg, 6.50, 0.45KG, 1
fig and almond paste 75g, 63.9, kg, 4.79, 0.075KG, 1
pear and hazelnut paste 75g, 63.9, kg, 4.79, 0.075KG, 1
grassfed diced beef steak 500g, 18.00 , kg, 9.00, 0.5KG, 1
grassfed beef blade roast  1.5kg, 12.00 , kg, 18.00, grassfed beef blade roast approx. 1.5kg, 1
mild salami sticks 15g, 73.33 , kg, 1.10, 0.015KG, 1
rindless pansize bacon 300g, 21.67 , kg, 6.50, 0.3KG, 1
pepperilli salami 100g, 44.00 , kg, 4.40, 0.1KG, 1
hungarian salami 100g, 44.00 , kg, 4.40, 0.1KG, 1
mild twiggy 200g, 33.00 , kg, 6.60, 0.2KG, 1
pizza salami 100g, 44.00 , kg, 4.40, 0.1KG, 1
oven roasted ham 100g, 44.00 , kg, 4.40, 0.1KG, 1
kransky 250g, 28.60 , kg, 7.15, 0.25KG, 1
chorizo 250g, 28.60 , kg, 7.15, 0.25KG, 1
cheese kransky 250g, 28.60 , kg, 7.15, 0.25KG, 1
potato topped lamb with rosemary pie 500g, 26.00 , kg, 13.00, 0.5KG, 1
beef and pepperberry sausage 500g, 16.00 , kg, 8.00, 0.5KG, 1
my remarkable tomato sauce 300ml, 1.67 , kg, 5.00, 0.3L, 1
beef and shiraz pie 440g, 29.55 , kg, 13.00, 0.44KG, 1
spicy honey and mustard bbq sauce 300ml, 1.67 , kg, 5.00, 0.3L, 1
bbq pork belly bites 600g, 30.00 , kg, 18.00, 0.6KG, 1
spicy bbq chicken wings 650g, 20.00 , kg, 13.00, 0.65KG, 1
porterhouse steak with smoked salt and mushroom ketchup 400g, 37.50 , kg, 15.00, 0.4KG, 1
roasted garlic mayonnaise 270g, 8.80 , kg, 8.80, 0.27KG, 1
lemon and caper mayonnaise 270g, 8.80 , kg, 8.80, 0.27KG, 1
smoked turkey ham supreme, 13.50 , kg, 13.50, smoked turkey ham supreme 1 each, 1
tomato garlic pepper oven bake salmon 330g, 14.00 , kg, 14.00, 0.33KG, 1
prawns with cocktail sauce 280g, 42.86 , kg, 12.00, 0.28KG, 1
marinara mix 370g, 12.00 , kg, 12.00, 0.37KG, 1
chicken and cracked pepper pate pre sliced 125g, 32.0, kg, 4.00, 0.125KG, 1
chicken brandy port and sage pate pre sliced 125g, 32.0, kg, 4.00, 0.125KG, 1
traditional kabana sticks 300g, 16.47 , kg, 4.94, 0.3KG, 1
beef porterhouse steak 1 piece  400g, 34.00 , kg, 13.60, 0.4KG, 1
gherkin dip 185g, 14.9, kg, 2.75, 0.185KG, 1
